*미급수지역 위치 (주소),*미급수인구,미급수세대,상수원,,
대구광역시 대구북구 연경동 ,51,27,개인관정 (우물 등),,
,702,400,,,
광주광역시 광주남구 진월동 ,182,70,전용상수도,,
광주광역시 광주북구 덕의동 ,27,19,석저마을 - 지하수,,
광주광역시 광주북구 충효동 ,205,176,"수리,충효,평촌마을 - 지하수",,
광주광역시 광주북구 금곡동 ,288,135,"금곡, 배재,산장마을 - 지하수",,
,"6,910","2,468",,,
울산광역시 울주군 온산읍 ,"1,222",449,지하수 및 계곡수,,
울산광역시 울주군 언양읍 ,46,80,지하수 및 계곡수,, 
울산광역시 울주군 온양읍 ,349,133,지하수 및 계곡수,,
울산광역시 울주군 범서읍 ,392,61,지하수 및 계곡수,,
울산광역시 울주군 청량면 ,82,48,지하수 및 계곡수,,
울산광역시 울주군 웅촌면 ,233,67,지하수 및 계곡수,,
울산광역시 울주군 두동면 ,"1,183",511,지하수 및 계곡수,,
울산광역시 울주군 두서면 ,284,60,지하수 및 계곡수,,
울산광역시 울주군 상북면 ,"1,575",605,지하수 및 계곡수,,
울산광역시 울주군 삼남면 ,"1,422",402,지하수 및 계곡수,,
울산광역시 울주군 삼동면 ,122,52,지하수 및 계곡수,,
,"8,551","3,495",,,
세종특별자치시 조치원읍 ,"1,152",475,지하수,,
세종특별자치시 연기면 ,38,1,지하수,,
세종특별자치시 연동면 ,108,43,지하수,,
세종특별자치시 소정면 ,"1,672",669,지하수,,
세종특별자치시 장군면 ,"1,123",499,지하수,,
세종특별자치시 연서면 ,"2,016",806,지하수,,
세종특별자치시 전의면 ,"1,317",552,지하수,,
세종특별자치시 전동면 ,837,335,지하수,,
세종특별자치시 금남면 ,288,115,지하수,,
,"157,918","60,210",,,
,"138,591","48,386",,,
,"19,327","11,824",,,
,566,250,,,
경기도 수원시영통구 망포동 291 ,566,250,지하수,,
,535,237,,,
경기도 성남시분당구 동원동 ,255,103,지하수,,
경기도 성남시분당구 대장동 ,280,134,지하수,,
,"2,159",988,,,
경기도 의정부시 자일동 ,39,22,지하수,,
경기도 의정부시 용현동 ,21,12,지하수,,
경기도 의정부시 고산동 ,"2,099",954,지하수,,
,58,58,,,
경기도 광명시 노온사동 ,58,58,지하수,,
,"1,763",810,,,
경기도 평택시 비전동 ,129,59,자가수도,,
경기도 평택시 신장동 ,82,42,자가수도,,
경기도 평택시 안중읍 ,479,218,자가수도,,
경기도 평택시 청북면 ,86,39,자가수도,,
경기도 평택시 팽성읍 ,28,13,자가수도,,
경기도 평택시 포승읍 ,30,14,자가수도,,
경기도 평택시 고덕면 ,162,74,자가수도,,
경기도 평택시 서탄면 ,176,82,자가수도,,
경기도 평택시 진위면 ,48,22,자가수도,,
경기도 평택시 현덕면 ,543,247,자가수도,,
,60,15,,,
경기도 동두천시 상봉암동 ,60,15,계곡수,,
,555,395,,,
"경기도 안산시단원구 대부북동 두우현 1반,2반",555,395,지하수,,
,"3,069","1,057",,,
경기도 고양시덕양구 지축동 ,"1,267",423,지하수,,
경기도 고양시일산동구 풍동 ,214,73,지하수,,
경기도 고양시일산동구 정발산동 ,185,62,지하수,,
경기도 고양시일산동구 중산동 ,222,83,지하수,,
경기도 고양시일산동구 성석동 ,210,79,지하수,,
경기도 고양시일산서구 대화동 ,210,78,지하수,,
경기도 고양시일산서구 가좌동 ,500,176,지하수,,
경기도 고양시일산서구 일산동 ,261,83,지하수,,
,905,452,,,
경기도 과천시 막계동 ,367,152,지하수,,
경기도 과천시 주암동 ,294,194,지하수,,
경기도 과천시 문원동 ,244,106,지하수,,
,201,50,,,
경기도 구리시 갈매동 ,201,50,지하수,,
,"20,762","8,206",,,
경기도 남양주시 호평동 ,439,175,지하수,,
경기도 남양주시 평내동 ,365,146,지하수,,
경기도 남양주시 금곡동 ,616,234,지하수,,
경기도 남양주시 일패동 ,227,80,지하수,,
경기도 남양주시 이패동 ,326,121,지하수,,
경기도 남양주시 삼패동 ,347,133,지하수,,
경기도 남양주시 지금동 ,451,181,지하수,,
경기도 남양주시 도농동 ,259,92,지하수,,
경기도 남양주시 별내동 ,417,169,지하수,,
경기도 남양주시 오남읍 팔현리,"1,770",691,지하수,,
경기도 남양주시 오남읍 양지리,"1,150",465,지하수,,
경기도 남양주시 오남읍 오남리,446,179,지하수,,
경기도 남양주시 진접읍 팔야리,"1,131",442,지하수,,
경기도 남양주시 진접읍 부평리,849,339,지하수,,
경기도 남양주시 진접읍 내곡리,432,173,지하수,,
경기도 남양주시 진접읍 내각리,840,336,지하수,,
경기도 남양주시 진접읍 금곡리,622,245,지하수,,
경기도 남양주시 진건읍 신월리,681,273,지하수,,
경기도 남양주시 진건읍 배양리,748,298,지하수,,
경기도 남양주시 화도읍 금남리,587,231,지하수,,
경기도 남양주시 화도읍 구암리,370,146,지하수,,
경기도 남양주시 화도읍 답내리,702,281,지하수,,
경기도 남양주시 화도읍 월산리,299,120,지하수,,
경기도 남양주시 화도읍 마석우리,318,125,지하수,,
경기도 남양주시 화도읍 창현리,271,109,지하수,,
경기도 남양주시 화도읍 묵현리,390,156,지하수,,
경기도 남양주시 화도읍 가곡리,933,373,지하수,,
경기도 남양주시 화도읍 녹촌리,749,291,지하수,,
경기도 남양주시 와부읍 월문리,926,369,지하수,,
경기도 남양주시 수동면 내방리,273,110,지하수,,
경기도 남양주시 수동면 외방리,297,118,지하수,,
경기도 남양주시 수동면 수산리,211,83,지하수,,
경기도 남양주시 수동면 운수리,188,76,지하수,,
경기도 남양주시 수동면 입석리,299,119,지하수,,
경기도 남양주시 수동면 송천리,244,97,지하수,,
경기도 남양주시 수동면 지둔리,191,74,지하수,,
경기도 남양주시 퇴계원면 퇴계원리,122,49,지하수,,
경기도 남양주시 별내면 청학리,220,88,지하수,,
경기도 남양주시 별내면 광전리,201,84,지하수,,
경기도 남양주시 조안면 시우리,297,119,지하수,,
경기도 남양주시 조안면 조안리,354,141,지하수,,
경기도 남양주시 조안면 송촌리,204,75,지하수,,
,388,149,,,
경기도 시흥시 목감동 ,94,37,지하수,,
경기도 시흥시 조남동 ,98,39,지하수,,
경기도 시흥시 월곶동 ,65,28,지하수,,
경기도 시흥시 과림동 ,131,45,지하수,,
,17,6,,,
경기도 군포시 속달동 ,7,3,지하수,,
경기도 군포시 둔대동 ,6,2,지하수,,
경기도 군포시 산본동 ,4,1,지하수,,
,124,44,,,
경기도 의왕시 고천동 일원 ,52,18,지하수,,
경기도 의왕시 청계동 일원,37,13,지하수,,
경기도 의왕시 부곡동 일원 ,35,13,지하수,,
,"4,046","1,347",,,
경기도 하남시 감북동 ,850,283,지하수,,
경기도 하남시 춘궁동 ,833,277,지하수,,
경기도 하남시 초이동 ,743,247,지하수,,
경기도 하남시 천현동 ,900,300,지하수,,
경기도 하남시 풍산동 ,720,240,지하수,,
,"9,311","3,325",,,
경기도 용인시처인구 포곡읍 ,"1,897",683,전용상수도,,
경기도 용인시처인구 이동면 ,965,471,전용상수도,,
경기도 용인시처인구 남사면 ,"1,038",425,전용상수도,,
경기도 용인시처인구 원삼면 ,"1,048",439,전용상수도,,
경기도 용인시처인구 백암면 ,"1,362",392,전용상수도,,
경기도 용인시처인구 양지면 ,"1,143",332,전용상수도,,
경기도 용인시처인구 남동 ,241,79,전용상수도,,
경기도 용인시처인구 운학동 ,141,45,전용상수도,,
경기도 용인시기흥구 고매동 ,158,49,전용상수도,,
경기도 용인시기흥구 청덕동 ,152,43,전용상수도,,
경기도 용인시기흥구 상하동 ,126,41,전용상수도,,
경기도 용인시기흥구 영덕동 ,187,59,전용상수도,,
경기도 용인시기흥구 보정동 ,154,49,전용상수도,,
경기도 용인시기흥구 서천동 ,348,97,전용상수도,,
경기도 용인시수지구 고기동 ,130,45,전용상수도,,
경기도 용인시수지구 신봉동 ,221,76,전용상수도,,
,"5,477","1,823",,,
경기도 파주시 조리읍 ,"1,183",394,지하수,,
경기도 파주시 법원읍 ,734,244,지하수,,
경기도 파주시 파주읍 ,"1,092",364,지하수,,
경기도 파주시 광탄면 ,445,148,지하수,,
경기도 파주시 탄현면 ,717,239,지하수,,
경기도 파주시 월롱면 ,449,149,지하수,,
경기도 파주시 적성면 ,602,200,지하수,,
경기도 파주시 파평면 ,255,85,지하수,,
,"3,038","1,376",,,
경기도 이천시 마장면 이평리,620,270,"지하수, 전용상수도",,
경기도 이천시 마장면 해월리,50,23,"지하수, 전용상수도",,
경기도 이천시 마장면 회억리,477,230,"지하수, 전용상수도",,
경기도 이천시 장호원읍 ,"1,431",650,"지하수, 전용상수도 등",,
경기도 이천시 마장면 덕평리,460,203,"지하수, 전용상수도 등",,
,"3,515","1,757",,,
경기도 안성시 공도읍 ,1,1,지하수,,
경기도 안성시 보개면 ,348,173,"지하수, 기타",,
경기도 안성시 금광면 ,583,290,"지하수, 기타",,
경기도 안성시 서운면 ,1,1,지하수,,
경기도 안성시 미양면 ,1,1,지하수,,
경기도 안성시 고삼면 ,1,1,지하수,,
경기도 안성시 양성면 ,483,242,"지하수, 기타",,
경기도 안성시 원곡면 ,637,319,"지하수, 기타",,
경기도 안성시 일죽면 ,572,286,"지하수, 기타",,
경기도 안성시 죽산면 ,708,353,"지하수, 기타",,
경기도 안성시 삼죽면 ,179,89,"지하수, 기타",,
경기도 안성시 대덕면 ,1,1,지하수,,
,"22,617","7,628",,,
경기도 김포시 운양동 ,959,320,지하수,,
경기도 김포시 사우동 ,635,212,지하수,,
경기도 김포시 풍무동 ,401,134,지하수,,
경기도 김포시 대곶면 ,"2,251",750,지하수,,
경기도 김포시 고촌읍 ,"2,349",783,지하수,,
경기도 김포시 양촌읍 ,"4,825","1,608",지하수,,
경기도 김포시 월곶면 ,"1,651",550,"지하수,우물",,
경기도 김포시 하성면 ,"1,601",534,지하수,,
경기도 김포시 통진읍 ,"4,537","1,512","지하수,우물",,
경기도 김포시 장기동 ,786,279,지하수,,
경기도 김포시 구래동,453,175,지하수,,
경기도 김포시 장기본동,563,189,지하수,,
경기도 김포시 김포본동,"1,606",582,지하수,,
,"10,076","3,267",,,
경기도 화성시 봉담읍 ,"1,049",313,지하수 등,,
경기도 화성시 우정읍 ,216,76,지하수 등,,
경기도 화성시 향남읍 ,"3,535","1,012",지하수 등,,
경기도 화성시 매송면 ,59,20,지하수 등,,
경기도 화성시 비봉면 ,47,15,지하수 등,,
경기도 화성시 마도면 ,63,20,지하수 등,,
경기도 화성시 송산면 ,86,31,지하수 등,,
경기도 화성시 팔탄면 ,270,90,지하수 등,,
경기도 화성시 양감면 ,294,102,지하수 등,,
경기도 화성시 서신면 ,57,23,지하수 등,,
경기도 화성시 정남면 ,605,230,지하수 등,,
경기도 화성시 동탄면 ,145,42,지하수 등,,
경기도 화성시 병점동 ,"2,747",910,지하수 등,,
경기도 화성시 남양읍 ,802,350,지하수 등,,
경기도 화성시 장안면 ,101,33,지하수 등,,
,"17,004","6,791",,,
경기도 광주시 퇴촌면 ,386,154,지하수,,
경기도 광주시 곤지암읍 ,570,228,지하수,,
경기도 광주시 오포읍 ,"2,210",884,지하수,,
경기도 광주시 초월읍 ,615,246,지하수,,
경기도 광주시 도척면 ,469,187,지하수,,
경기도 광주시 남종면 ,202,80,지하수,,
경기도 광주시 중부면 ,146,58,지하수,,
경기도 광주시 송정동 ,"4,421","1,768",지하수,,
경기도 광주시 곤지암읍 ,"4,670","1,868",전용상수도,,
경기도 광주시 도척면 ,720,280,전용상수도,,
경기도 광주시 오포읍 ,700,280,전용상수도,,
경기도 광주시 삼동 ,"1,495",598,전용상수도,,
경기도 광주시 목동 ,400,160,전용상수도,,
,"2,963",859,,,
경기도 양주시 백석읍 ,164,32,"지하수, 전용상수도",,
경기도 양주시 은현면 ,207,61,"지하수, 전용상수도",,
경기도 양주시 남면 ,272,96,지하수,,
경기도 양주시 광적면 ,130,21,지하수,,
경기도 양주시 장흥면 ,103,33,"지하수, 전용상수도",,
경기도 양주시 양주1동 ,114,41,지하수,,
경기도 양주시 양주2동 ,392,109,지하수,,
경기도 양주시 회천1동 ,173,39,지하수,,
경기도 양주시 회천2동 ,221,55,지하수,,
경기도 양주시 회천3동 ,238,56,지하수,,
경기도 양주시 회천4동 ,949,316,지하수,,
,"25,205","6,104",,,
경기도 포천시 소흘읍 ,"4,338","1,020",지하수,,
경기도 포천시 선단동 ,928,205,지하수,,
경기도 포천시 동교동 ,943,228,지하수,,
경기도 포천시 설운동 ,440,104,지하수,,
경기도 포천시 신읍동 ,650,153,지하수,,
경기도 포천시 어룡동 ,514,165,지하수,,
경기도 포천시 자작동 ,430,179,지하수,,
경기도 포천시 관인면 ,"1,620",381,지하수,,
경기도 포천시 군내면 ,"2,580",607,지하수,,
경기도 포천시 내촌면 ,"1,230",289,지하수,,
경기도 포천시 신북면 ,"1,602",377,지하수,,
경기도 포천시 영북면 ,"1,870",440,지하수,,
경기도 포천시 영중면 ,"1,120",264,지하수,,
경기도 포천시 일동면 ,"3,490",821,지하수,,
경기도 포천시 이동면 ,850,184,지하수,,
경기도 포천시 창수면 ,885,110,지하수,,
경기도 포천시 화현면 ,920,216,지하수,,
경기도 포천시 선단동 ,795,361,전용상수도,,
,"4,177","1,392",,,
경기도 여주시 점동면 ,344,125,지하수 (전용상수도 포함),,
경기도 여주시 가남읍 ,437,136,지하수 (전용상수도 포함),,
경기도 여주시 능서면 ,527,175,지하수 (전용상수도 포함),,
경기도 여주시 강천면 ,617,205,"지하수 등 (전용상수도 포함)- 지하수, 계곡수",,
경기도 여주시 금사면 ,179,62,지하수 (전용상수도 포함),,
경기도 여주시 산북면 ,546,182,지하수 (전용상수도 포함),,
경기도 여주시 대신면 ,867,289,지하수 (전용상수도 포함),,
경기도 여주시 북내면 ,418,139,지하수 (전용상수도 포함),,
경기도 여주시 흥천면 ,226,75,지하수 (전용상수도 포함),,
경기도 여주시 월송동 ,16,4,지하수 (전용상수도 포함),,
,"2,445",637,,,
경기도 연천군 신서면 내산리,937,67,지하수,,
경기도 연천군 전곡읍 양원리,"1,508",570,지하수,,
,"4,109","2,062",,,
경기도 가평군 가평읍 금대리 상금대,72,36,지하수,,
경기도 가평군 가평읍 두밀리 윗두밀,144,72,지하수,,
경기도 가평군 가평읍 두밀리 샛두밀,127,64,계곡+지하수,,
경기도 가평군 가평읍 마장리 샘말,58,29,계곡수,,
경기도 가평군 가평읍 마장리 하마장,70,35,계곡수,,
경기도 가평군 가평읍 복장리,50,25,지하수,,
경기도 가평군 가평읍 승안리,77,39,지하수,,
경기도 가평군 가평읍 하색리,34,17,지하수,,
경기도 가평군 설악면 가일리,50,25,계곡+지하수,,
경기도 가평군 설악면 이천리,234,117,계곡+지하수,,
경기도 가평군 설악면 사룡리,24,12,계곡수,,
경기도 가평군 설악면 설곡리,72,36,지하수,,
경기도 가평군 설악면 엄소리,50,25,지하수,,
경기도 가평군 설악면 천안리,36,18,계곡+지하수,,
경기도 가평군 설악면 회곡리,108,54,계곡+지하수,,
경기도 가평군 청평면 대성리,137,68,지하수,,
경기도 가평군 청평면 삼회리,132,66,지하수,,
경기도 가평군 청평면 상천리,170,85,계곡수,,
경기도 가평군 청평면 청평리,34,17,지하수,,
경기도 가평군 청평면 하천리,29,15,지하수,,
경기도 가평군 청평면 호명리,41,21,계곡수,,
경기도 가평군 상면 덕현리,98,49,계곡+지하수,,
경기도 가평군 상면 봉수리,69,35,지하수,,
경기도 가평군 상면 연하리,40,20,지하수,,
경기도 가평군 상면 율길리,72,36,계곡수,,
경기도 가평군 상면 임초리,100,50,계곡+지하수,,
경기도 가평군 상면 원흥리,80,40,계곡수,,
경기도 가평군 상면 항사리,205,103,지하수,,
경기도 가평군 상면 행현리,205,103,지하수,,
경기도 가평군 하면 대보리,107,54,지하수,,
경기도 가평군 하면 마일리,80,40,계곡+지하수,,
경기도 가평군 하면 신상리,73,37,계곡수,,
경기도 가평군 하면 운악리,307,154,지하수,,
경기도 가평군 북면 도대리,127,64,계곡+지하수,,
경기도 가평군 북면 목동리,47,24,지하수,,
경기도 가평군 북면 백둔리,74,38,지하수,,
경기도 가평군 북면 소법리,48,24,지하수,,
경기도 가평군 북면 적목리,29,15,계곡+지하수,,
경기도 가평군 북면 화악리,88,44,지하수,,
경기도 가평군 상면 상동리,100,50,지하수,,
경기도 가평군 설악면 송산리,111,56,지하수,,
경기도 가평군 설악면 방일리,100,50,지하수,,
경기도 가평군 설악면 미사리,100,50,지하수,,
경기도 가평군 하면 상판리,100,50,지하수,,
,"12,773","9,125",,,
경기도 양평군 양평읍 ,342,198,지하수,,
경기도 양평군 강상면 ,"1,138",866,지하수,,
경기도 양평군 강하면 ,712,443,지하수,,
경기도 양평군 양서면 ,872,520,지하수,,
경기도 양평군 옥천면 ,"2,101","1,573",지하수,,
경기도 양평군 서종면 ,"2,302","1,815",지하수,,
경기도 양평군 단월면 ,"1,990","1,570",지하수,,
경기도 양평군 청운면 ,"1,709","1,052",지하수,,
경기도 양평군 양동면 ,350,266,지하수,,
경기도 양평군 지평면 ,986,690,지하수,,
경기도 양평군 용문면 ,151,72,지하수,,
경기도 양평군 개군면 ,120,60,지하수,,
,"54,444","26,443",,,
,"22,112","10,107",,,
,"32,332","16,336",,,
,"3,750","2,286",,,
강원도 춘천시 신동면 정족리,178,91,지하수,,
강원도 춘천시 동내면 고은리,66,44,지하수,,
강원도 춘천시 동내면 학곡리,54,30,지하수,,
강원도 춘천시 동면 감정리,29,18,지하수,,
강원도 춘천시 동면 만천리,55,43,지하수,,
강원도 춘천시 동면 상걸리,120,64,지하수,,
강원도 춘천시 동면 신이리,47,37,계곡수,,
강원도 춘천시 동면 월곡리,112,95,지하수,,
강원도 춘천시 동면 품걸리,95,59,지하수,,
강원도 춘천시 동면 평촌리,35,24,지하수,,
강원도 춘천시 남면 가정리,82,57,지하수,,
강원도 춘천시 남면 관천리,75,51,지하수,,
강원도 춘천시 남면 추곡리,58,40,지하수,,
강원도 춘천시 동면 장학리,37,21,지하수,,
강원도 춘천시 남산면 서천리,214,194,지하수,,
강원도 춘천시 서면 오월리,98,59,계곡수,,
강원도 춘천시 사북면 신포리,291,181,지하수,,
강원도 춘천시 사북면 가일리,52,34,지하수,,
강원도 춘천시 사북면 고성리,263,126,지하수,,
강원도 춘천시 사북면 송암리,182,95,지하수,,
강원도 춘천시 사북면 인람리,74,49,지하수,,
강원도 춘천시 북산면 물로리,125,78,지하수,,
강원도 춘천시 북산면 추전리,45,7,지하수,,
강원도 춘천시 동면 품안리,19,6,지하수,,
강원도 춘천시 북산면 추곡리,65,55,지하수,,
강원도 춘천시 북산면 오항리,163,122,지하수,,
강원도 춘천시 북산면 조교리,98,66,지하수,,
강원도 춘천시 북산면 부귀리,65,32,지하수,,
강원도 춘천시 북산면 청평리,52,29,지하수,,
강원도 춘천시 남면 박암리,22,16,지하수,,
강원도 춘천시 남산면 산수리,64,48,지하수,,
강원도 춘천시 남산면 광판리,159,103,지하수,,
강원도 춘천시 남산면 행촌리,124,51,지하수,,
강원도 춘천시 남산면 창촌리,86,43,지하수,,
강원도 춘천시 남면 한덕리,106,61,지하수,,
강원도 춘천시 사북면 원평리,156,82,지하수,,
강원도 춘천시 사북면 고탄리,184,75,지하수,,
,"13,317","5,397",,,
강원도 원주시 문막읍 비두리,176,90,지하수,,
강원도 원주시 문막읍 비두리,25,16,계곡수,,
강원도 원주시 문막읍 취병리,82,41,지하수,,
강원도 원주시 소초면 교항리,160,74,지하수,,
강원도 원주시 소초면 수암리,155,66,지하수,,
강원도 원주시 소초면 의관리,47,17,지하수,,
강원도 원주시 소초면 평장리,115,44,지하수,,
강원도 원주시 소초면 평장리,27,15,용천수,,
강원도 원주시 소초면 평장리,73,29,지하수,,
강원도 원주시 소초면 학곡리,37,16,지하수,,
강원도 원주시 호저면 고산리,101,37,지하수,,
강원도 원주시 호저면 광격리,240,89,지하수,,
강원도 원주시 호저면 대덕리,35,16,지하수,,
강원도 원주시 호저면 매호리,176,72,지하수,,
강원도 원주시 호저면 무장리,145,52,지하수,,
강원도 원주시 호저면 산현리,33,15,지하수,,
강원도 원주시 호저면 옥산리,57,19,지하수,,
강원도 원주시 호저면 용곡리,30,13,지하수,,
강원도 원주시 호저면 주산리,110,38,지하수,,
강원도 원주시 지정면 가곡리,134,56,지하수,,
강원도 원주시 지정면 간현리,112,55,지하수,,
강원도 원주시 지정면 신평리,105,47,지하수,,
강원도 원주시 지정면 안창리,153,64,지하수,,
강원도 원주시 지정면 월송리,70,34,지하수,,
강원도 원주시 지정면 판대리,85,38,지하수,,
강원도 원주시 부론면 단강리,72,41,지하수,,
강원도 원주시 부론면 법천리,45,30,지하수,,
강원도 원주시 부론면 손곡리,252,106,지하수,,
강원도 원주시 부론면 정산리,166,101,지하수,,
강원도 원주시 귀래면 귀래리,228,104,지하수,,
강원도 원주시 귀래면 용암리,153,65,지하수,,
강원도 원주시 귀래면 운계리,172,92,지하수,,
강원도 원주시 흥업면 대안리,106,72,지하수,,
강원도 원주시 흥업면 사제리,246,118,지하수,,
강원도 원주시 판부면 신촌리,132,33,지하수,,
강원도 원주시 신림면 금창리,100,38,지하수,,
강원도 원주시 신림면 성남리,289,116,지하수,,
강원도 원주시 신림면 송계리,194,88,지하수,,
강원도 원주시 신림면 신림리,25,10,지하수,,
강원도 원주시 신림면 신림리,50,10,용천수,,
강원도 원주시 신림면 용암리,164,66,지하수,,
강원도 원주시 신림면 황둔리,52,21,지하수,,
강원도 원주시 단구동 ,90,30,지하수,,
강원도 원주시 관설동 ,900,261,지하수,,
강원도 원주시 흥업면 사제리,297,297,전용상수도 (연세대),,
강원도 원주시 흥업면 사제리,190,78,전용상수도 (거장아파트),,
강원도 원주시 흥업면 흥업리,18,18,전용상수도 (한라대학교),,
강원도 원주시 무실동 ,425,179,지하수,,
강원도 원주시 문막읍 ,32,12,지하수,,
강원도 원주시 태장동 ,114,57,지하수,,
강원도 원주시 우산동 ,101,40,지하수,,
강원도 원주시 반곡동 ,24,11,지하수,,
강원도 원주시 행구동 ,485,182,지하수,,
강원도 원주시 봉산동 ,75,35,지하수,,
강원도 원주시 소초면 ,973,348,지하수,,
강원도 원주시 호저면 ,670,239,지하수,,
강원도 원주시 지정면 ,852,253,지하수,,
강원도 원주시 부론면 ,279,106,지하수,,
강원도 원주시 귀래면 ,541,218,지하수,,
강원도 원주시 흥업면 ,390,122,지하수,,
강원도 원주시 판부면 ,729,259,지하수,,
강원도 원주시 신림면 ,"1,203",488,지하수,,
,"4,579","2,192",,,
강원도 강릉시 주문진읍 ,180,90,지하수,,
강원도 강릉시 연곡면 ,65,25,"지하수, 계곡수",,
강원도 강릉시 옥계면 ,77,35,"지하수, 계곡수, 용천수",,
강원도 강릉시 성산면 ,760,350,"지하수, 용천수",,
강원도 강릉시 왕산면 ,777,355,"지하수, 계곡수, 용천수",,
강원도 강릉시 구정면 ,570,250,"지하수, 계곡수",,
강원도 강릉시 강동면 ,110,40,"지하수, 계곡수, 용천수",,
강원도 강릉시 사천면 ,440,210,지하수,,
강원도 강릉시 홍제동 ,20,10,지하수,,
강원도 강릉시 교동 ,90,45,지하수,,
강원도 강릉시 포남동 ,40,19,지하수,,
강원도 강릉시 내곡동 ,65,33,지하수,,
강원도 강릉시 노암동 ,840,430,지하수,,
강원도 강릉시 입암동 ,185,120,지하수,,
강원도 강릉시 저동 ,360,180,지하수,,
,446,212,,,
강원도 태백시 적각동 ,52,23,계곡수,,
강원도 태백시 하사미동 ,10,5,계곡수,,
강원도 태백시 소도동 ,76,41,"계곡수 (진골, 사배리골, 사내골)",,
강원도 태백시 금천동 ,13,5,계곡수,,
강원도 태백시 창죽동 ,78,35,계곡수,,
강원도 태백시 원동 ,83,42,계곡수,,
강원도 태백시 상사미동 ,85,35,계곡수,,
강원도 태백시 황지동 ,12,8,계곡수 (걸둔골),,
강원도 태백시 철암동 ,37,18,"계곡수 (머리골, 좁씨골)",,
,20,20,,,
강원도 삼척시 근덕면 교곡리 (파인밸리골프장),20,20,전용상수도,,
,"14,946","7,475",,,
강원도 홍천군 홍천읍 ,"1,526",644,기타,,
강원도 홍천군 북방면 ,794,395,기타,,
강원도 홍천군 남면 ,181,87,기타,,
강원도 홍천군 화촌면 ,"1,708",885,기타,,
강원도 홍천군 두촌면 ,818,426,기타,,
강원도 홍천군 내촌면 ,"1,526",725,기타,,
강원도 홍천군 서석면 ,"1,922",920,기타,,
강원도 홍천군 동면 ,"1,798",856,기타,,
강원도 홍천군 서면 ,"3,352","1,873",기타,,
강원도 홍천군 내면 ,"1,321",664,기타,,
,"6,979","3,680",,,
"강원도 횡성군 우천면 (하궁1리, 하궁2리, 오원3리, 용둔리)",425,246,지하수,,
"강원도 횡성군 안흥면 (조항1리, 조항2리, 소사3리, 송한리, 안흥2리, 상안1리, 상안2리, 지구2리)",749,351,지하수,,
"강원도 횡성군 둔내면 (삽교1,2,3리, 화동1,2리, 석문1,2리, 우용1,2리, 조항2리, 둔방1,2리, 마암1,2리, 두원2리, 현천1,2,4리)","2,651","1,332",지하수,,
"강원도 횡성군 갑천면 (상대리, 하대1,2리, 병지방1,2리, 중금리, 부동리)",695,382,지하수,,
"강원도 횡성군 횡성읍 (옥동리, 마옥리)",430,109,지하수,,
"강원도 횡성군 공근면 (상동리, 부창리, 상창봉리, 어둔리)",572,334,지하수,,
"강원도 횡성군 서원면 (옥계1,2리, 석화1,2,3리)",118,107,지하수,,
"강원도 횡성군 강림면 (강림1,2,3,4,5리, 부곡1,2리, 월현1,2리)",445,345,지하수,,
"강원도 횡성군 청일면 (봉명리, 속실리, 춘당1,2리, 고시리, 속실리, 갑천1,2리)",894,474,지하수,,
,"1,691",831,,,
강원도 영월군 영월읍 ,11,7,"지하수, 계곡수",,
강원도 영월군 중동면 ,173,84,"지하수, 계곡수",,
강원도 영월군 김삿갓면 ,202,100,"지하수, 계곡수",,
강원도 영월군 남면 ,254,126,"지하수, 계곡수",,
강원도 영월군 한반도면 ,137,67,"지하수, 계곡수",,
강원도 영월군 주천면 ,440,218,"지하수, 계곡수",,
강원도 영월군 수주면 ,220,109,"지하수, 계곡수",,
강원도 영월군 북면 ,254,120,"지하수, 계곡수",,
,"2,011","1,025",,,
강원도 평창군 평창읍 유동리 외 25개리,81,64,"계곡수, 지하수, 용천수, 복류수",,
강원도 평창군 미탄면 백운리 외 6개리,201,133,"계곡수, 지하수, 용천수, 복류수",,
강원도 평창군 방림면 계촌리 외 10개리,265,107,"계곡수, 지하수",,
강원도 평창군 진부면 송정1리 외 20개리,116,83,"계곡수, 지하수, 용천수",,
강원도 평창군 봉평면 유포1리 외 12개리,201,96,"계곡수, 지하수, 용천수",,
강원도 평창군 용평면 이목정1리 외 12개리,268,86,계곡수,,
강원도 평창군 대화면 대화4리 외 17개리,341,139,"계곡수, 지하수, 용천수",,
강원도 평창군 대관령면 차항리 외 10개리,118,73,"계곡수, 지하수",,
강원도 평창군 방림면 칡사리길 254-14 평창유스호스텔,22,13,지하수,,
강원도 평창군 봉평면 태기로 10-6 코업스위트하우스,21,15,지하수,,
강원도 평창군 봉평면 태기로 80-56 ㈜오리엔트리조트,22,10,지하수,,
강원도 평창군 봉평면 안흥동2길 61 백강콘도미니엄,25,14,지하수,,
강원도 평창군 용평면 경강로 2220 대관령원예농협협동조합공판사업소,20,14,복류수,,
강원도 평창군 대관령면 경강로 4887-5 평창올림피아호텔앤리조트,14,8,지하수,,
강원도 평창군 대관령면 올림픽로 715 ㈜용평리조트,228,132,복류수,,
강원도 평창군 대관령면 솔봉로 463-6 한일용평빌리지,12,10,지하수,,
강원도 평창군 대관령면 솔봉로 278-84 스카이테라하우스,47,23,지하수,,
강원도 평창군 대관령면 수하리 142-37 버치힐테라스레지던스,9,5,지하수,,
,"1,831",861,,,
강원도 철원군 근남면 ,7,4,지하수,,
강원도 철원군 철원읍 중리,9,4,"지하수,계곡수",,
강원도 철원군 철원읍 ,6,3,"지하수,계곡수",,
강원도 철원군 갈말읍 신철원리,164,106,"지하수,계곡수",,
강원도 철원군 갈말읍 문혜리,232,127,"지하수,계곡수",,
강원도 철원군 갈말읍 문혜리,240,60,"지하수,계곡수",,
강원도 철원군 갈말읍 문혜리,71,23,지하수,,
강원도 철원군 갈말읍 동막리,28,9,"지하수,계곡수",,
강원도 철원군 동송읍 오지리,82,43,"지하수,계곡수",,
강원도 철원군 동송읍 오지리,37,10,"지하수,계곡수",,
강원도 철원군 동송읍 오지리,43,22,"지하수,계곡수",,
강원도 철원군 동송읍 오지리,99,42,"지하수,계곡수",,
강원도 철원군 동송읍 관우리,13,10,지하수,,
강원도 철원군 서면 자등리,86,52,지하수,,
강원도 철원군 서면 자등리,93,50,지하수,,
강원도 철원군 서면 자등리,383,177,지하수,,
강원도 철원군 서면 자등리,10,4,지하수,,
강원도 철원군 근남면 육단리,37,19,지하수,,
강원도 철원군 근남면 육단리,31,15,지하수,,
강원도 철원군 근남면 잠곡리,35,11,지하수,,
강원도 철원군 갈말읍 문혜리,38,13,"지하수,계곡수",,
강원도 철원군 근남면 육단리,13,6,지하수,,
강원도 철원군 근남면 사곡리,5,2,지하수,,
강원도 철원군 근남면 사곡리,22,10,지하수,,
강원도 철원군 철원읍 율이리,41,33,지하수,,
강원도 철원군 근남면 잠곡리,6,6,지하수,,
,"1,946",973,,,
강원도 화천군 화천읍 ,686,337,우물 및 지하수,,
강원도 화천군 간동면 ,271,120,지하수 및 우물,,
강원도 화천군 상서면 ,266,191,지하수 및 우물,,
강원도 화천군 하남면 ,187,74,지하수 및 우물,,
강원도 화천군 사내면 ,536,251,지하수 및 우물,,
,961,453,,,
강원도 양구군 남면 구암리,22,10,지하수,,
강원도 양구군 남면 죽리,20,9,계곡수,,
강원도 양구군 동면 팔랑리,154,73,계곡수,,
강원도 양구군 방산면 금악리,30,14,지하수,,
강원도 양구군 방산면 오미리,76,36,지하수,,
강원도 양구군 양구읍 상무룡리,45,21,계곡수,,
강원도 양구군 양구읍 석현리,87,41,지하수,,
강원도 양구군 양구읍 웅진리,140,66,계곡수,,
강원도 양구군 해안면 ,256,121,계곡수,,
강원도 양구군 남면 두무리,131,62,지하수및 계곡수,,
,"1,619",787,,,
강원도 인제군 남면 신월리,30,14,계곡수,,
강원도 인제군 남면 상수내리,20,10,계곡수,,
강원도 인제군 남면 남전리,45,22,계곡수,,
강원도 인제군 남면 관대리,28,13,계곡수,,
강원도 인제군 남면 신남리,31,16,지하수,,
강원도 인제군 기린면 방동리,215,105,지하수,,
강원도 인제군 기린면 서리,198,95,계곡수,,
강원도 인제군 기린면 진동리,190,94,계곡수,,
강원도 인제군 기린면 현리,154,84,계곡수,,
강원도 인제군 북면 용대리,22,10,계곡수,,
강원도 인제군 북면 월학리,331,162,계곡수,,
강원도 인제군 북면 한계리,21,10,계곡수,,
강원도 인제군 상남면 미산리,31,13,계곡수,,
강원도 인제군 상남면 상남리,29,15,계곡수,,
강원도 인제군 상남면 하남리,105,46,계곡수,,
강원도 인제군 서화면 서화리,37,16,계곡수,,
강원도 인제군 서화면 서흥리,52,25,계곡수+지하수,,
강원도 인제군 서화면 천도리,40,17,계곡수,,
강원도 인제군 인제읍 귀둔리,40,20,계곡수,,
,186,142,,,
강원도 고성군 간성읍 탑동리,77,60,지하수,,
강원도 고성군 간성읍 흘리,48,21,지하수,,
강원도 고성군 거진읍 냉천리,61,61,지하수,,
,162,109,,,
강원도 양양군 현북면 법수치리,90,63,지하수,,
강원도 양양군 현북면 ,72,46,지하수,,
,"19,444","7,185",,,
,"4,737","2,295",,,
,"14,707","4,890",,,
,"3,916","1,905",,,
충청북도 충주시 주덕읍 ,"1,102",551,지하수 등,,
충청북도 충주시 살미면 ,20,10,지하수 등,,
충청북도 충주시 수안보면 ,145,73,지하수 등,,
충청북도 충주시 소태면 ,162,81,지하수 등,,
충청북도 충주시 신니면 ,143,72,지하수 등,,
충청북도 충주시 노은면 ,796,398,지하수 등,,
충청북도 충주시 중앙탑면 ,90,36,지하수 등,,
충청북도 충주시 금가면 ,70,35,지하수 등,,
충청북도 충주시 동량면 ,310,110,지하수 등,,
충청북도 충주시 앙성면 ,374,187,지하수 등,,
충청북도 충주시 산척면 ,430,215,지하수 등,,
충청북도 충주시 소태면 ,100,50,지하수 등,,
충청북도 충주시 엄정면 ,144,72,지하수 등,,
충청북도 충주시 교현동 ,4,2,지하수 등,,
충청북도 충주시 호암동 ,26,13,지하수 등,,
,821,390,,,
충청북도 제천시 봉양읍 장평리,90,23,지하수,,
충청북도 제천시 청풍면 진목리,121,29,지하수,,
충청북도 제천시 수산면 상천리,70,35,지하수,,
충청북도 제천시 덕산면 도기리,16,8,지하수,,
충청북도 제천시 한수면 송계리,10,4,지하수,,
충청북도 제천시 백운면 원월리,13,6,지하수,,
충청북도 제천시 송학면 장곡리,11,5,지하수,,
충청북도 제천시 모산동 ,490,280,지하수,,
,786,396,,,
충청북도 보은군 보은읍 ,21,11,자가수도,,
충청북도 보은군 수한면 ,338,169,자가수도,,
충청북도 보은군 산외면 ,109,55,자가수도,,
충청북도 보은군 속리산면 ,11,6,자가수도,,
충청북도 보은군 장안면 ,170,85,자가수도,,
충청북도 보은군 삼승면 ,76,38,자가수도,,
충청북도 보은군 마로면 ,25,13,자가수도,,
충청북도 보은군 탄부면 ,3,2,자가수도,,
충청북도 보은군 회남면 ,9,5,자가수도,,
충청북도 보은군 회인면 ,24,12,자가수도,,
,58,44,,,
충청북도 증평군 도안면 연촌리,13,7,우물,,
충청북도 증평군 증평읍 율리,45,37,우물,,
,"3,803","1,507",,,
충청북도 진천군 이월면 신계리 산77,99,45,전용상수도,,
충청북도 진천군 광혜원면 광혜원리 414,324,135,전용상수도,,
충청북도 진천군 광혜원면 광혜원리 418-2,573,197,전용상수도,,
충청북도 진천군 진천읍 가산리 148-2,223,142,지하수,,
충청북도 진천군 진천읍 연곡리 358-7,266,108,지하수,,
충청북도 진천군 덕산면 석장리 161-4,108,47,지하수,,
충청북도 진천군 백곡면 용덕리 418-2,250,96,지하수,,
충청북도 진천군 초평면 용기리 762-2,194,91,지하수,,
충청북도 진천군 백곡면 성대리 718-4,297,169,지하수,,
충청북도 진천군 이월면 신계리 483-1,201,89,지하수,,
충청북도 진천군 문백면 문덕리 162,318,150,지하수,,
충청북도 진천군 덕산면 석장리 427-11,212,53,지하수,,
충청북도 진천군 덕산면 용몽리 580-14,80,20,지하수,,
충청북도 진천군 이월면 노원리 72-97,19,5,지하수,,
충청북도 진천군 이월면 노원리 613-5,196,49,지하수,,
충청북도 진천군 초평면 용기리 산28-4,136,34,지하수,,
충청북도 진천군 초평면 용기리 865-1,120,30,지하수,,
충청북도 진천군 초평면 용산리 372,79,20,지하수,,
충청북도 진천군 초평면 용산리 360,87,22,지하수,,
충청북도 진천군 초평면 용기리 652-1,21,5,지하수,,
,"2,569","1,026",,,
충청북도 괴산군 괴산읍 이탄리외 18개리,601,240,지하수,,
충청북도 괴산군 감물면 신대리외 20개리,492,197,지하수,,
충청북도 괴산군 장연면 거문리외 24개리 ,503,201,지하수,,
충청북도 괴산군 연풍면 내웅리외 21개리,25,10,지하수,,
충청북도 괴산군 불정면 풍림리외 30개리,3,1,지하수,,
충청북도 괴산군 문광면 양곡1리외 22개리,353,141,지하수,,
충청북도 괴산군 칠성면 고읍리외 25개리,13,5,지하수,,
충청북도 괴산군 청천면 상신리외 45개리,42,17,지하수,,
충청북도 괴산군 청안면 문방2리외 17개리,153,61,지하수,,
충청북도 괴산군 사리면 월현리외 28개리,13,5,지하수,,
충청북도 괴산군 소수면,371,148,지하수,,
,"7,350","1,847",,,
충청북도 음성군 음성읍 평곡리,36,17,지하수,,
충청북도 음성군 음성읍 석인리,9,5,지하수,,
충청북도 음성군 음성읍 한벌리,13,8,지하수,,
충청북도 음성군 음성읍 사정리,55,32,지하수,,
충청북도 음성군 음성읍 소여리,20,9,지하수,,
충청북도 음성군 음성읍 신천리,11,4,지하수,,
충청북도 음성군 음성읍 초천리,20,6,지하수,,
충청북도 음성군 음성읍 동음리,545,16,지하수,,
충청북도 음성군 금왕읍 육령리,38,20,지하수,,
충청북도 음성군 금왕읍 백야리,8,3,지하수,,
충청북도 음성군 금왕읍 유포리,4,2,지하수,,
충청북도 음성군 금왕읍 도청리,9,5,지하수,,
충청북도 음성군 금왕읍 내송리,700,232,지하수,,
충청북도 음성군 금왕읍 쌍봉리,95,40,지하수,,
충청북도 음성군 금왕읍 사창리,5,3,지하수,,
충청북도 음성군 금왕읍 오선리,270,150,지하수,,
충청북도 음성군 금왕읍 구계리,695,295,지하수,,
충청북도 음성군 소이면 대장리,36,16,지하수,,
충청북도 음성군 소이면 중동리,2,1,지하수,,
충청북도 음성군 소이면 문등리,6,3,지하수,,
충청북도 음성군 소이면 금고리,4,2,지하수,,
충청북도 음성군 소이면 충도리,15,6,지하수,,
충청북도 음성군 소이면 비산리,12,6,지하수,,
충청북도 음성군 원남면 보천리,99,45,지하수,,
충청북도 음성군 원남면 문암리,280,144,지하수,,
충청북도 음성군 원남면 구안리,79,35,지하수,,
충청북도 음성군 맹동면 쌍정리,8,4,지하수,,
충청북도 음성군 맹동면 인곡리,12,5,지하수,,
충청북도 음성군 맹동면 마산리,7,3,지하수,,
충청북도 음성군 맹동면 봉현리,9,5,지하수,,
충청북도 음성군 맹동면 용촌리,16,10,지하수,,
충청북도 음성군 맹동면 신돈리,4,2,지하수,,
충청북도 음성군 맹동면 두성리,6,3,지하수,,
충청북도 음성군 맹동면 군자리,11,6,지하수,,
충청북도 음성군 맹동면 통동리,2,1,지하수,,
충청북도 음성군 대소면 태생리,"1,525",1,지하수,,
충청북도 음성군 대소면 소석리,139,61,지하수,,
충청북도 음성군 대소면 성본리,18,11,지하수,,
충청북도 음성군 대소면 부윤리,995,13,지하수,,
충청북도 음성군 대소면 수태리,69,37,지하수,,
충청북도 음성군 대소면 삼정리,55,32,지하수,,
충청북도 음성군 대소면 미곡리,10,7,지하수,,
충청북도 음성군 대소면 삼호리,14,9,지하수,,
충청북도 음성군 대소면 내산리,3,2,지하수,,
충청북도 음성군 대소면 오류리,3,1,지하수,,
충청북도 음성군 대소면 대풍리,69,40,지하수,,
충청북도 음성군 삼성면 양덕리,357,89,지하수,,
충청북도 음성군 삼성면 상곡리,25,10,지하수,,
충청북도 음성군 삼성면 대사리,50,25,지하수,,
충청북도 음성군 삼성면 용대리,250,1,지하수,,
충청북도 음성군 생극면 병암리,14,10,지하수,,
충청북도 음성군 생극면 관성리,75,42,지하수,,
충청북도 음성군 생극면 팔성리,18,11,지하수,,
충청북도 음성군 생극면 송곡리,4,3,지하수,,
충청북도 음성군 생극면 방축리,10,7,지하수,,
충청북도 음성군 생극면 차평리,10,6,지하수,,
충청북도 음성군 생극면 차곡리,22,15,지하수,,
충청북도 음성군 생극면 생리,7,3,지하수,,
충청북도 음성군 감곡면 오향리,12,6,지하수,,
충청북도 음성군 감곡면 주천리,24,10,지하수,,
충청북도 음성군 감곡면 원당리,5,4,지하수,,
충청북도 음성군 감곡면 상평리,62,40,지하수,,
충청북도 음성군 감곡면 월정리,40,24,지하수,,
충청북도 음성군 감곡면 영산리,70,38,지하수,,
충청북도 음성군 감곡면 사곡리,53,30,지하수,,
충청북도 음성군 감곡면 문촌리,57,39,지하수,,
충청북도 음성군 감곡면 상우리,121,64,지하수,,
충청북도 음성군 감곡면 단평리,23,12,지하수,,
,141,70,,,
충청북도 단양군 단양읍 천동리,24,8,지하수,,
충청북도 단양군 매포읍 삼곡리,4,2,지하수,,
충청북도 단양군 단양읍 수촌리,9,5,계곡수,,
충청북도 단양군 대강면 직티리,4,2,지하수,,
충청북도 단양군 가곡면 보발리,15,10,계곡수,,
충청북도 단양군 영춘면 별방리,14,7,계곡수,,
충청북도 단양군 영춘면 남천리,16,7,지하수,,
충청북도 단양군 적성면 하리,11,3,계곡수,,
충청북도 단양군 적성면 상리,13,9,지하수,,
충청북도 단양군 적성면 소야리,17,9,지하수,,
충청북도 단양군 대강면 당동리,6,3,계곡수,,
충청북도 단양군 단성면 대잠리,8,5,계곡수,,
,"84,815","39,591",,,
,"45,356","21,095",,,
,"39,459","18,496",,,
,"6,500","3,316",,,
충청남도 천안시동남구 목천읍 ,379,229,지하수 등,,
충청남도 천안시동남구 풍세면 ,402,195,지하수 등,,
충청남도 천안시동남구 광덕면 ,"3,038","1,511",지하수 등,,
충청남도 천안시동남구 북면 ,"1,243",643,지하수 등,,
충청남도 천안시동남구 성남면 ,526,252,지하수 등,,
충청남도 천안시동남구 수신면 ,397,202,지하수 등,,
충청남도 천안시동남구 동면 ,515,284,지하수 등,,
,"4,853","2,559",,,
충청남도 공주시 유구읍 ,"2,302","1,201","지하수, 계곡수 등",,
충청남도 공주시 이인면 ,61,30,"지하수, 계곡수 등",,
충청남도 공주시 계룡면 ,103,62,"지하수, 계곡수 등",,
충청남도 공주시 탄천면 ,160,95,"지하수, 계곡수 등",,
충청남도 공주시 정안면 ,"1,056",568,"지하수, 계곡수 등",,
충청남도 공주시 우성면 ,100,57,"지하수, 계곡수 등",,
충청남도 공주시 사곡면 ,242,116,"지하수, 계곡수 등",,
충청남도 공주시 신풍면 ,328,174,"지하수, 계곡수 등",,
충청남도 공주시 의당면 ,24,15,"지하수, 계곡수 등",,
충청남도 공주시 반포면 ,169,89,"지하수, 계곡수 등",,
충청남도 공주시 금학동 ,76,36,"지하수, 계곡수 등",,
충청남도 공주시 월송동 ,232,116,"지하수, 계곡수 등",,
,"1,707",599,,,
충청남도 보령시 대천동,571,199,지하수,,
"충청남도 보령시 남포면 봉덕리,옥서2리",104,36,지하수,,
"충청남도 보령시 남포면 봉덕리, 옥서2리 외 11개리",103,36,지하수,,
"충청남도 보령시 청라면 장산리,옥계리,황룡리,장현리,신산리,음현리",152,53,지하수,,
"충청남도 보령시 성주면 성주3리,성주8리,개화1,2,3리",166,58,지하수,,
"충청남도 보령시 웅천읍 두룡리,독산리,소황리,황교리,죽청리",175,65,지하수,,
"충청남도 보령시 주산면 야룡리,신구리,증산리,창암2,3리,화평리,동오리,삼곡1리,황율리",235,82,지하수,,
"충청남도 보령시 오천면 교성1리,갈현리,효자리,원산리,삽시리,녹도리,외연도리",201,70,지하수,,
,"1,062",469,,,
충청남도 아산시 송악면 강당리,316,133,"우물, 샘물",,
충청남도 아산시 송악면 궁평리,13,3,"우물, 샘물",,
충청남도 아산시 송악면 거산리,13,6,"우물, 샘물",,
충청남도 아산시 송악면 강장리,151,53,"우물, 샘물",,
충청남도 아산시 송악면 마곡리,43,23,우물,,
충청남도 아산시 영인면 신봉리,34,33,"우물, 샘물",,
충청남도 아산시 도고면 도산리,16,11,우물,,
충청남도 아산시 도고면 신통리,104,41,우물,,
충청남도 아산시 도고면 와산리,9,5,우물,,
충청남도 아산시 송악면 수곡리,8,3,우물,,
충청남도 아산시 도고면 금산리 (화합의마을),304,107,전용상수도,,
충청남도 아산시 음봉면 산동리 (스테코기숙사),51,51,전용상수도 ,,
,"6,360","2,910",,,
충청남도 서산시 죽성동 ,141,64,지하수,,
충청남도 서산시 예천동 ,55,21,지하수,,
충청남도 서산시 부석면 칠전리,172,89,지하수,,
충청남도 서산시 성연면 일람리,117,47,지하수,,
충청남도 서산시 성연면 일람리,91,46,지하수,,
충청남도 서산시 음암면 부장리,46,21,지하수,,
충청남도 서산시 음암면 유계리,98,49,지하수,,
충청남도 서산시 음암면 도당리,114,62,지하수,,
충청남도 서산시 운산면 갈산리,116,52,지하수,,
충청남도 서산시 해미면 대곡리,448,297,지하수,,
충청남도 서산시 해미면 황락리,212,111,지하수,,
충청남도 서산시 고북면 신정리,130,57,지하수,,
충청남도 서산시 고북면 신정리,326,161,지하수,,
충청남도 서산시 부석면 지산리,102,48,지하수,,
충청남도 서산시 대산읍 기은리,"2,041",795,지하수,,
충청남도 서산시 대산읍 대산리,"1,335",600,지하수,,
충청남도 서산시 대산읍 영탑리,220,113,지하수,,
충청남도 서산시 대산읍 운산리,99,45,지하수,,
충청남도 서산시 대산읍 대죽리,198,86,지하수,,
충청남도 서산시 음암면 성암리,148,70,지하수,,
충청남도 서산시 음암면 유계리,151,76,지하수,,
,"11,674","5,327",,,
충청남도 논산시 연무읍 ,60,48,지하수 ,,
충청남도 논산시 성동면 등,"11,614","5,279",지하수,,
,252,148,,,
충청남도 계룡시 두마면 입암리,70,38,기타 (지하수),,
충청남도 계룡시 두마면 농소리,182,110,기타 (지하수),,
,"12,948","5,767",,,
충청남도 당진시 합덕읍 ,920,410,"지하수, 우물, 샘 등",,
충청남도 당진시 송악읍 ,"3,144","1,403","지하수, 전용상수도 등",,
충청남도 당진시 고대면 ,"1,940",866,"지하수, 전용상수도 등",,
충청남도 당진시 대호지면 ,266,118,"지하수, 우물, 샘 등",,
충청남도 당진시 정미면 ,605,270,"지하수, 우물, 샘 등",,
충청남도 당진시 면천면 ,813,362,"지하수, 우물, 샘 등",,
충청남도 당진시 순성면 ,"1,109",495,"지하수, 전용상수도 등",,
충청남도 당진시 우강면 ,757,337,"지하수, 전용상수도 등",,
충청남도 당진시 신평면 ,"1,845",823,"지하수, 우물, 샘 등",,
충청남도 당진시 송산면 ,"1,384",617,"지하수, 전용상수도 등",,
충청남도 당진시 읍내동 ,165,66,"지하수, 전용상수도 등",,
,"4,788","2,176",,,
충청남도 금산군 금산읍 ,132,39,지하수,,
충청남도 금산군 금성면 ,383,162,지하수,,
충청남도 금산군 제원면 ,361,185,지하수,,
충청남도 금산군 부리면 ,825,412,지하수,,
충청남도 금산군 군북면 ,576,268,지하수,,
충청남도 금산군 남일면 ,675,318,지하수,,
충청남도 금산군 남이면 ,916,428,"지하수, 계곡수, 용천수",,
충청남도 금산군 진산면 ,481,204,"지하수, 계곡수",,
충청남도 금산군 복수면 ,84,32,지하수,,
충청남도 금산군 추부면 ,355,128,지하수,,
,"9,547","4,950",,,
충청남도 부여군 부여읍 상금리,170,83,지하수,,
충청남도 부여군 부여읍 가증리,196,139,지하수,,
충청남도 부여군 부여읍 송곡리,189,96,지하수,,
충청남도 부여군 부여읍 저석리,363,175,지하수,,
충청남도 부여군 부여읍 신정리,187,109,지하수,,
충청남도 부여군 부여읍 능산리,160,79,지하수,,
충청남도 부여군 부여읍 자왕리,189,90,지하수,,
충청남도 부여군 부여읍 송간리,170,77,지하수,,
충청남도 부여군 규암면 모리,116,50,지하수,,
충청남도 부여군 규암면 함양리,141,73,지하수,,
충청남도 부여군 내산면 천보리,122,65,지하수,,
충청남도 부여군 양화면 송정리,102,57,지하수,,
충청남도 부여군 구룡면 현암리,209,111,지하수,,
충청남도 부여군 은산면 내지리,266,123,계곡수 및 지하수,,
충청남도 부여군 은산면 회곡리,151,69,계곡수 및 지하수,,
충청남도 부여군 은산면 오번리,198,97,계곡수 및 지하수,,
충청남도 부여군 은산면 금공리,174,83,계곡수 및 지하수,,
충청남도 부여군 남면 송학리,210,98,지하수,,
충청남도 부여군 남면 송암리,280,121,지하수,,
충청남도 부여군 충화면 지석리,157,90,지하수,,
충청남도 부여군 충화면 복금리,148,78,지하수,,
충청남도 부여군 충화면 청남리,77,44,지하수,,
충청남도 부여군 충화면 팔충리,101,53,지하수,,
충청남도 부여군 석성면 정각리,163,92,지하수,,
충청남도 부여군 옥산면 상기리,129,71,지하수,,
충청남도 부여군 옥산면 중양리,74,46,지하수,,
충청남도 부여군 옥산면 학산리,94,42,지하수,,
충청남도 부여군 옥산면 홍연리,175,92,지하수,,
충청남도 부여군 외산면 문신리,164,77,계곡수 및 지하수,,
충청남도 부여군 외산면 지선리,115,60,계곡수 및 지하수,,
충청남도 부여군 은산면 나령리,222,126,계곡수 및 지하수,,
충청남도 부여군 은산면 장벌리,190,92,계곡수 및 지하수,,
충청남도 부여군 은산면 홍산리,282,119,계곡수 및 지하수,,
충청남도 부여군 초촌면 산직리,204,98,지하수,,
충청남도 부여군 초촌면 진호리,249,122,지하수,,
충청남도 부여군 초촌면 초평리,199,115,지하수,,
충청남도 부여군 충화면 가화리,85,53,지하수,,
충청남도 부여군 충화면 만지리,213,116,지하수,,
충청남도 부여군 충화면 현미리,11,5,지하수,,
충청남도 부여군 충화면 천당리,205,113,지하수,,
충청남도 부여군 홍산면 무정리,106,55,지하수,,
충청남도 부여군 홍산면 상천리,133,79,지하수,,
충청남도 부여군 홍산면 홍양리,272,134,지하수,,
충청남도 부여군 은산면 합수리,131,59,계곡수 및 지하수,,
충청남도 부여군 은산면 각대리,72,40,계곡수 및 지하수,,
충청남도 부여군 홍산면 정동리,71,39,지하수,,
충청남도 부여군 옥산면 신안리,129,72,지하수,,
충청남도 부여군 충화면 오덕리,135,71,지하수,,
충청남도 부여군 양화면 초왕리,51,29,지하수,,
충청남도 부여군 양화면 상촌리,55,30,지하수,,
충청남도 부여군 임천면 옥곡리,88,48,지하수,,
충청남도 부여군 임천면 점리,273,147,지하수,,
충청남도 부여군 초촌면 송국리,164,85,지하수,,
충청남도 부여군 양화면 송정리,151,74,지하수,,
충청남도 부여군 초촌면 소사리,228,137,지하수,,
충청남도 부여군 외산면 반교리,162,84,계곡수 및 지하수,,
충청남도 부여군 외산면 가덕리,79,44,계곡수 및 지하수,,
충청남도 부여군 외산면 갈산리,39,14,계곡수 및 지하수,,
충청남도 부여군 옥산면 봉산리,117,67,지하수,,
충청남도 부여군 옥산면 대덕리,90,56,지하수,,
충청남도 부여군 양화면 벽용리,108,60,지하수,,
충청남도 부여군 세도면 장산리,43,27,지하수,,
,"2,514","1,345",,,
충청남도 서천군 서천읍 태월리,34,18, (지하수),,
충청남도 서천군 화양면 활동리,53,31, (지하수),,
충청남도 서천군 화양면 ,73,35, (지하수) 추남리,,
충청남도 서천군 화양면 ,29,14, (지하수) 진목리,,
충청남도 서천군 한산면 송곡리,51,28, (지하수),,
충청남도 서천군 한산면 동지리,90,51," (지하수) 동지1,2리",,
충청남도 서천군 서천읍 화성리,37,19," (지하수) 화성1,2리",,
충청남도 서천군 화양면 옥포리,47,25, (지하수) 옥포3,,
충청남도 서천군 화양면 보현리,26,18, (지하수) 안보,,
충청남도 서천군 화양면 ,35,23, (지하수) 추북리,,
충청남도 서천군 한산면 동지리,31,16, (지하수) 토산,,
충청남도 서천군 마산면 안당리,57,29, (지하수) 안민,,
충청남도 서천군 마산면 소야리,29,16, (지하수),,
충청남도 서천군 마산면 신봉리,29,14, (지하수) 서봉,,
충청남도 서천군 마산면 시선리,42,21, (지하수) 탑시,,
충청남도 서천군 마산면 시선리,39,21, (지하수) 선동,,
충청남도 서천군 마산면 지산리,49,26, (지하수) 가물,,
충청남도 서천군 마산면 ,39,17, (지하수) 은전,,
충청남도 서천군 시초면 태성리,30,20, (지하수) 태성2리,,
충청남도 서천군 시초면 풍정리,128,67, (지하수),,
충청남도 서천군 시초면 후암리,68,43, (지하수) 후암1리,,
충청남도 서천군 시초면 후암리,46,28, (지하수) 후암2리,,
충청남도 서천군 문산면 문장리,60,29, (지하수) 문장1리,,
충청남도 서천군 문산면 북산리,80,41, (지하수) 북산1리,,
충청남도 서천군 문산면 구동리,77,39, (지하수) 구동2리,,
충청남도 서천군 판교면 판교리,119,74, (지하수) 판교1리,,
충청남도 서천군 판교면 복대리,179,103," (지하수) 복대1,2리",,
충청남도 서천군 판교면 심동리,104,59, (지하수),,
충청남도 서천군 판교면 우라리,40,21, (지하수),,
충청남도 서천군 판교면 후동리,76,41, (지하수),,
충청남도 서천군 판교면 현암리,151,65, (지하수) 현암3리,,
충청남도 서천군 판교면 수성리,79,39, (지하수),,
충청남도 서천군 판교면 금덕리,111,58," (지하수) 금덕1,2리",,
충청남도 서천군 종천면 산천리,199,103," (지하수) 산천1,2리",,
충청남도 서천군 종천면 도만리,62,36, (지하수),,
충청남도 서천군 종천면 석촌리,115,57, (지하수) 석촌1리,,
,"2,526","1,024",,,
"충청남도 청양군 청양읍 (백천리, 장승리, 청수리, 송방리, 정좌리, 학당리, 벽천리)",918,358,"전용상수도, 개인관정 ",,
"충청남도 청양군 운곡면 (영양리, 추광리) ",156,62,개인관정 ,,
"충청남도 청양군 대치면 (탄정리,형산리, 농소리)",206,80,개인관정 ,,
"충청남도 청양군 정산면 (서정리, 역촌리, 해남리, 남천리, 송학리, 대박리, 용두리, 마치리,천장리, 신덕리, 와촌리,학암리, 덕성리) ",455,182,"전용상수도, 개인관정",,
"충청남도 청양군 비봉면 (신원1리, 신원2리, 관산리, 용천리, 방한리) ",110,42,"전용상수도, 개인관정 ",,
"충청남도 청양군 청남면 (내직리, 인양리, 아산리)",154,59,개인관정,,
"충청남도 청양군 장평면 (도림지, 낙지리, 화산1리, 화산2리, 죽림리) ",235,92,개인관정,,
"충청남도 청양군 남양면 (매곡2리, 백금2리, 흥산리, 금정1리, 온암1리, 온직3리)",112,63,개인관정,,
"충청남도 청양군 화성면 (산정2리, 장계리, 화강리, 농암1리, 농암2리, 화암리, 기덕리, 신정리, 광평리) ",72,45,개인관정 ,,
"충청남도 청양군 목면 (지곡리, 화양리, 신흥리, 안심리, 송암리, 본의리, 대평리) ",108,41,개인관정 ,,
,"2,445","1,359",,,
충청남도 홍성군 홍북면 대인리 인후원마을,63,37,지하수,,
충청남도 홍성군 홍동면 신기리 만경마을,151,87,지하수,,
충청남도 홍성군 홍동면 신기리 신촌,128,66,지하수,,
충청남도 홍성군 홍동면 수란리 수란,106,57,지하수,,
충청남도 홍성군 홍동면 수란리 산양,98,49,지하수,,
충청남도 홍성군 홍동면 금당리 상하금,90,46,지하수,,
충청남도 홍성군 홍동면 금당리 백동,146,78,지하수,,
충청남도 홍성군 홍동면 대영리 대영,166,96,지하수,,
충청남도 홍성군 장곡면 천태리 천태1,128,84,지하수,,
충청남도 홍성군 갈산면 와리 목과,102,62,지하수,,
충청남도 홍성군 갈산면 쌍천리 쌍천,148,87,지하수,,
충청남도 홍성군 구항면 황곡리 황곡,196,106,지하수,,
충청남도 홍성군 구항면 황곡리 하대,145,89,지하수,,
충청남도 홍성군 구항면 태봉리 태봉,123,67,지하수,,
충청남도 홍성군 구항면 오봉리 온누리아파트,205,112,지하수,,
충청남도 홍성군 구항면 마온리 개나리아파트,199,105,지하수,,
충청남도 홍성군 금마면 죽림리 세청파크빌,180,100,지하수,,
충청남도 홍성군 은하면 화봉리 일반산업단지,71,31,전용상수도,,
,"6,465","3,134",,,
충청남도 예산군 예산읍,183,140,지하수 등,,
충청남도 예산군 삽교읍,364,183,지하수 등,,
충청남도 예산군 대술면,452,251,지하수 등,,
충청남도 예산군 신양면,702,302,지하수 등,,
충청남도 예산군 광시면 ,731,378,지하수 등,,
충청남도 예산군 대흥면 ,521,253,지하수 등,,
충청남도 예산군 응봉면 ,652,321,지하수 등,,
충청남도 예산군 덕산면 ,658,312,지하수 등,,
충청남도 예산군 봉산면 ,547,241,지하수 등,,
충청남도 예산군 고덕면 ,684,311,지하수 등,,
충청남도 예산군 신양면 ,530,246,지하수 등,,
충청남도 예산군 오가면 ,441,196,지하수 등,,
,"11,174","4,508",,,
충청남도 태안군 태안읍 남산리,569,271,지하수,,
충청남도 태안군 태안읍 송암리,503,287,지하수,,
충청남도 태안군 태안읍 반곡리,516,246,지하수,,
충청남도 태안군 태안읍 상옥리,415,102,지하수,,
충청남도 태안군 태안읍 산후리,583,373,지하수,,
충청남도 태안군 안면읍 중장리,641,305,지하수,,
충청남도 태안군 소원면 영전리,469,223,지하수,,
충청남도 태안군 소원면 소근리,692,234,지하수,,
충청남도 태안군 남면 달산리,556,217,지하수,,
충청남도 태안군 남면 양잠리,550,214,지하수,,
충청남도 태안군 남면 원청리,690,263,지하수,,
충청남도 태안군 남면 당암리,439,210,지하수,,
충청남도 태안군 근흥면 마금리,525,155,지하수,,
충청남도 태안군 남면 몽산리,517,119,지하수,,
충청남도 태안군 소원면 신덕리,542,210,지하수,,
충청남도 태안군 소원면 시목리,586,231,지하수,,
충청남도 태안군 태안읍 어은리,454,216,지하수,,
충청남도 태안군 근흥면 수룡리,397,141,지하수,,
충청남도 태안군 남면 진산리,430,205,지하수,,
충청남도 태안군 안면읍 승언리,580,181,지하수,,
충청남도 태안군 안면읍 정당리,520,105,지하수,,
,"14,502","4,781",,,
,"2,065",822,,,
,"12,437","3,959",,,
,"1,791",694,,,
전라북도 익산시 금마면 산북리,163,80,지하수,,
전라북도 익산시 여산면 태성리,183,68,지하수,,
전라북도 익산시 여산면 호산리,241,96,지하수,,
전라북도 익산시 왕궁면 도순리,183,73,지하수,,
전라북도 익산시 왕궁면 동봉리,185,70,지하수,,
전라북도 익산시 왕궁면 동용리,176,88,지하수,,
전라북도 익산시 왕궁면 용화리,225,75,지하수,,
전라북도 익산시 웅포면 웅포리,247,82,지하수,,
전라북도 익산시 춘포면 쌍정리,188,62,지하수,,
,264,125,,,
전라북도 남원시 인월면 중군리,75,30,전용상수도,,
전라북도 남원시 대강면 옥택리,189,95,지하수,,
,10,3,,,
전라북도 김제시 면지역,10,3,지하수 등,,
,"9,213","2,472",,,
전라북도 완주군 삼례읍 ,"1,117",467,개인관정 및 기타 취수원 (지하수),,
전라북도 완주군 봉동읍 ,"2,236",101,개인관정 및 전용상수도 (지하수),,
전라북도 완주군 용진읍 ,"2,051",87,개인관정 및 전용상수도 (지하수),,
전라북도 완주군 이서면 ,860,455,개인관정 및 기타 취수원 (지하수),,
전라북도 완주군 소양면 ,717,271,개인관정 및 기타 취수원 (지하수),,
전라북도 완주군 구이면 ,556,218,개인관정 및 기타 취수원 (지하수),,
전라북도 완주군 고산면 ,"1,421",748,개인관정 및 기타 취수원 (지하수),,
전라북도 완주군 화산면 ,228,112,개인관정 및 기타 취수원 (지하수),,
전라북도 완주군 동상면 ,21,10,개인관정 및 기타 취수원 (지하수),,
전라북도 완주군 경천면 ,6,3,개인관정 및 기타 취수원 (지하수),,
,"1,207",479,,,
전라북도 진안군 용담면 ,51,32,개인 관정 및 우물 등,,
전라북도 진안군 동향면 ,111,49,개인 관정 및 우물 등,,
전라북도 진안군 백운면 ,35,20,개인 관정 및 우물 등,,
전라북도 진안군 성수면 ,190,46,개인 관정 및 우물 등,,
전라북도 진안군 부귀면 ,340,170,개인 관정 및 우물 등,,
전라북도 진안군 정천면 ,111,45,개인 관정 및 우물 등,,
전라북도 진안군 주천면 ,29,17,개인 관정 및 우물 등,,
전라북도 진안군 ,340,100,개인 관정 및 우물 등,,
,145,101,,,
전라북도 무주군 적상면 삼유리,14,8,지하수,,
전라북도 무주군 안성면 죽천리,33,24,지하수,,
전라북도 무주군 무풍면 금평리,18,15,지하수,,
전라북도 무주군 부남면 가당리,52,42,지하수,,
전라북도 무주군 설천면 삼공리,28,12,지하수,,
,"1,573",776,,,
전라북도 순창군 순창읍 ,125,49,지하수,,
전라북도 순창군 인계면 ,253,125,지하수,,
전라북도 순창군 동계면 ,133,68,지하수,,
전라북도 순창군 적성면 ,122,62,지하수,,
전라북도 순창군 유등면 ,56,27,지하수,,
전라북도 순창군 풍산면 ,27,14,지하수,,
전라북도 순창군 금과면 ,169,89,지하수,,
전라북도 순창군 팔덕면 ,303,149,지하수,,
전라북도 순창군 복흥면 ,42,20,지하수,,
전라북도 순창군 쌍치면 ,93,45,지하수,,
전라북도 순창군 구림면 ,250,128,지하수,,
,235,89,,,
전라북도 고창군 고창읍 화산마을,12,5,기타 (지하수),,
전라북도 고창군 고수면 신기마을 (은사리 34 주변),6,4,기타 (지하수),,
전라북도 고창군 아산면,55,12,기타 (지하수),,
전라북도 고창군 공음면 장곡리 신촌,3,1,기타 (지하수),,
전라북도 고창군 공음면 구암리 용흥,4,1,기타 (지하수),,
전라북도 고창군 공음면 군유리 하군,2,1,기타 (지하수),,
전라북도 고창군 공음면 구암리 구격,4,2,기타 (지하수),,
전라북도 고창군 공음면 예전리 금정 ,7,3,기타 (지하수),,
전라북도 고창군 상하면 검산리 산 144-1 ,1,1,기타 (지하수),,
전라북도 고창군 상하면 봉수로 109-17,6,3,기타 (지하수),,
전라북도 고창군 상하면 서당1길 42-7 ,1,1,기타 (지하수),,
전라북도 고창군 상하면 하장1길 111 ,1,1,기타 (지하수),,
"전라북도 고창군 해리면 사반마을 (사반안길 61), 가재지마을 (동호로 277-36, 동호로 252) ",9,3,기타 (지하수),,
전라북도 고창군 성송면 판정리 474 ,2,1,기타 (지하수),,
전라북도 고창군 성송면 호동길 35 ,1,1,기타 (지하수),,
전라북도 고창군 성송면 선량길 57 ,1,1,기타 (지하수),,
전라북도 고창군 성송면 선량길 73 ,2,1,기타 (지하수),,
전라북도 고창군 성송면 선량길 75 ,1,1,기타 (지하수),,
전라북도 고창군 성송면 선량길 77 ,1,1,기타 (지하수),,
전라북도 고창군 성송면 향산길 110-31,3,1,기타 (지하수),,
전라북도 고창군 성송면 향산길 110-44,1,1,기타 (지하수),,
전라북도 고창군 성송면 월평길 42-45,2,1,기타 (지하수),,
전라북도 고창군 성송면 평림암치로 1124-55,2,1,기타 (지하수),,
전라북도 고창군 성송면 암치2길 26-33,1,1,기타 (지하수),,
전라북도 남원시 대산면 상금길 55,2,1,기타 (지하수),,
전라북도 고창군 고창군 성내면 광주동길 184-36,4,1,기타 (지하수),,
전라북도 고창군 성내면 광주동길 184-20 (교회),20,1,기타 (지하수),,
전라북도 고창군 성내면 신성리 576-1 ,2,1,기타 (지하수),,
전라북도 고창군 성내면 선운대로 4248 ,4,1,기타 (지하수),,
전라북도 고창군 성내면 선운대로 4380-7 주변 (석전마을 주변),15,7,기타 (지하수),,
전라북도 고창군 신림면 가평리 노동 (자연부락 갈촌),20,8,기타 (지하수),,
전라북도 고창군 부안면 (외딴 곳),40,20,기타 (지하수),,
,64,42,,,
전라북도 부안군 위도면 하왕등리,64,42,"지표수, 샘물",,
,"70,216","33,565",,,
,"34,241","15,114",,,
,"35,975","18,451",,,
,"10,783","4,508",,,
전라남도 여수시 상암동 ,794,324,지하수 등,,
전라남도 여수시 묘도동 ,"1,214",548,지하수 등,,
전라남도 여수시 주삼동 ,45,26,지하수 등,,
전라남도 여수시 삼산면 ,"2,143","1,094",지하수 등,,
전라남도 여수시 화정면 ,878,784,지하수 등,,
전라남도 여수시 남면 ,966,5,지하수 등,,
전라남도 여수시 화양면 ,"1,685","1,176",지하수 등,,
전라남도 여수시 율촌면 ,"1,314",7,지하수 등,,
전라남도 여수시 소라면 ,505,28,지하수 등,,
전라남도 여수시 돌산읍 ,"1,239",516,지하수 등,,
,374,182,,,
전라남도 순천시 가곡동 ,30,8,지하수등,,
전라남도 순천시 승주읍 ,16,9,지하수등,,
전라남도 순천시 주암면 ,28,15,지하수등,,
전라남도 순천시 송광면 ,47,21,지하수등,,
전라남도 순천시 외서면 ,54,27,지하수등,,
전라남도 순천시 낙안면 ,36,17,지하수등,,
전라남도 순천시 별량면 ,25,15,지하수등,,
전라남도 순천시 상사면 ,19,11,지하수등,,
전라남도 순천시 해룡면 ,19,9,지하수등,,
전라남도 순천시 황전면 ,38,19,지하수등,,
전라남도 순천시 월등면 ,35,17,지하수등,,
전라남도 순천시 서면 ,27,14,지하수등,,
,"9,153","5,103",,,
전라남도 나주시 남평읍 ,215,107,개인지하수,,
전라남도 나주시 세지면 ,546,276,개인지하수,,
전라남도 나주시 왕곡면 ,447,231,개인지하수,,
전라남도 나주시 반남면 ,237,107,개인지하수,,
전라남도 나주시 공산면 ,"1,497",853,개인지하수,,
전라남도 나주시 동강면 ,"1,782",912,개인지하수,,
전라남도 나주시 다시면 ,"1,101",631,개인지하수,,
전라남도 나주시 문평면 ,368,205,개인지하수,,
전라남도 나주시 노안면 ,688,419,개인지하수,,
전라남도 나주시 금천면 ,196,98,개인지하수,,
전라남도 나주시 다도면 ,917,492,개인지하수,,
전라남도 나주시 봉황면 ,"1,159",772,개인지하수,,
,"13,931","5,321",,,
전라남도 광양시 옥곡면 선유리,163,83,개인관정,,
전라남도 광양시 진월면 진정리,141,75,개인관정,,
전라남도 광양시 황금동 ,107,55,우물,,
전라남도 광양시 금호동 ,"13,520","5,108",전용상수도,,
,"2,374","1,290",,,
전라남도 담양군 대전면 행1리 정골마을,10,6,지하수,,
전라남도 담양군 봉산면 기곡리 송산마을,92,50,지하수,,
전라남도 담양군 봉산면 기곡리 반월마을,98,51,지하수,,
전라남도 담양군 고서면 동운리 아산마을,85,44,지하수,,
전라남도 담양군 남면 지곡리 괸돌마을,172,85,지하수,,
전라남도 담양군 남면 정곡리 평래촌마을,39,22,용천수,,
전라남도 담양군 남면 정곡리 장문터마을,72,36,지하수,,
전라남도 담양군 남면 무동리 수구촌마을,47,32,지하수,,
전라남도 담양군 남면 만월리 쌍룡촌마을,49,30,지하수,,
전라남도 담양군 창평면 용수리 수곡마을,258,158,지하수,,
전라남도 담양군 창평면 용수리 원동마을,137,89,지하수,,
전라남도 담양군 창평면 광덕리 조현마을,117,63,지하수,,
전라남도 담양군 창평면 광덕리 신흥마을,98,52,지하수,,
전라남도 담양군 대덕면 매산리 사창마을,61,33,지하수,,
전라남도 담양군 대덕면 매산리 등갈마을,89,42,지하수,,
전라남도 담양군 대덕면 운암리 하운마을,97,49,지하수,,
전라남도 담양군 대덕면 문학리 외문마을,65,35,지하수,,
전라남도 담양군 대덕면 용대리 수곡마을,27,15,지하수,,
전라남도 담양군 무정면 오례리 등룡마을,76,34,지하수,,
전라남도 담양군 금성면 금성리 부곡마을,47,23,지하수,,
"전라남도 담양군 금성면 덕성리 영월,행정마을",118,78,지하수,,
전라남도 담양군 금성면 외추리 매각제마을,16,6,용천수,,
"전라남도 담양군 금성면 봉황리 상신기,죽림마을",108,50,지하수,,
전라남도 담양군 월산면 월평리 신평마을,68,32,지하수,,
전라남도 담양군 월산면 오성리 내동마을,93,56,용천수,,
전라남도 담양군 수북면 대방리 원대방마을,156,83,지하수,,
전라남도 담양군 대전면 서옥리 금곡마을,79,36,지하수,,
,45,29,,,
전라남도 구례군 구례읍 논곡리,45,29,지하수,,
,"7,208","4,387",,,
전라남도 고흥군 고흥읍 ,105,65,지하수 등,,
전라남도 고흥군 도양읍 ,525,210,지하수 등,,
전라남도 고흥군 풍양면 ,296,185,지하수 등,,
전라남도 고흥군 도덕면 ,298,186,지하수 등,,
전라남도 고흥군 도화면 ,782,489,지하수 등,,
전라남도 고흥군 포두면 ,"1,605","1,003",지하수 등,,
전라남도 고흥군 봉래면 ,215,134,지하수 등,,
전라남도 고흥군 동일면 ,720,450,지하수 등,,
전라남도 고흥군 점암면 ,286,179,지하수 등,,
전라남도 고흥군 과역면 ,236,148,지하수 등,,
전라남도 고흥군 남양면 ,452,283,지하수 등,,
전라남도 고흥군 동강면 ,231,144,지하수 등,,
전라남도 고흥군 대서면 ,614,384,지하수 등,,
전라남도 고흥군 두원면 ,843,527,지하수 등,,
,"2,350","1,155",,,
"전라남도 보성군 겸백면 남양리 (묘동마을, 신남마을)",147,86,지하수,,
"전라남도 보성군 겸백면 도안리 오초, 석평마을",36,19,지하수,,
"전라남도 보성군 겸백면 사곡리 양지, 초암마을",33,15,지하수,,
"전라남도 보성군 겸백면 용산리 수교, 화천,용치마을",120,71,지하수,,
전라남도 보성군 겸백면 운림리 조안마을,20,9,지하수,,
"전라남도 보성군 노동면 감정리 하감정, 절골마을",59,19,지하수,,
전라남도 보성군 노동면 광곡리 탄곡마을,25,13,지하수,,
"전라남도 보성군 노동면 금호리 둔기, 외등, 이정, 가장",150,74,지하수,,
전라남도 보성군 노동면 대련리 방죽마을,25,16,지하수,,
"전라남도 보성군 노동면 신천리 신기, 천동마을",66,37,지하수,,
"전라남도 보성군 노동면 옥마리 마산, 용소, 효자마을",53,28,지하수,,
"전라남도 보성군 노동면 용호리 묘동, 용동, 초전마을",54,15,지하수,,
전라남도 보성군 노동면 학동리 삽화마을,24,13,지하수,,
전라남도 보성군 득량면 도촌리 중산마을,32,15,지하수,,
전라남도 보성군 득량면 마천리 마천마을,26,10,지하수,,
"전라남도 보성군 득량면 삼정리 서재,발전소마을",22,10,지하수,,
전라남도 보성군 득량면 송곡리 군두마을,21,9,지하수,,
"전라남도 보성군 득량면 예당리 동고, 덕산마을",35,19,지하수,,
"전라남도 보성군 득량면 해평리 구룡, 봇등마을",58,25,지하수,,
전라남도 보성군 문덕면 덕치리 덕봉마을,21,16,우물,,
전라남도 보성군 문덕면 봉갑리 단양마을,22,17,지하수,,
"전라남도 보성군 문덕면 운곡리 석동, 병치마을",34,17,지하수,,
전라남도 보성군 문덕면 죽산리 하죽마을,45,25,우물,,
"전라남도 보성군 미력면 용정리 춘정, 굴치, 가마",28,13,지하수,,
전라남도 보성군 미력면 초당리 반룡마을,27,15,지하수,,
"전라남도 보성군 벌교읍 고읍리 금평, 복수골마을",65,26,지하수,,
전라남도 보성군 벌교읍 마동리 차산마을,73,36,지하수,,
전라남도 보성군 벌교읍 옥전리 양정동,72,35,지하수,,
전라남도 보성군 벌교읍 장좌리 장좌마을,24,15,지하수,,
"전라남도 보성군 벌교읍 지동리 지동, 풍경",24,12,지하수,,
"전라남도 보성군 벌교읍 징광리 개곡, 징광, 호미마을",21,17,지하수,,
"전라남도 보성군 벌교읍 척령리 신기, 봉동마을, 재등마을",78,40,지하수,,
"전라남도 보성군 보성읍 대야리 유촌, 협촌마을",31,17,지하수,,
"전라남도 보성군 보성읍 옥암리 예동,성곡,재궁,남산,해경,구성마을",23,12,지하수,,
전라남도 보성군 보성읍 옥평리 쌍용마을,26,13,지하수,,
"전라남도 보성군 보성읍 원봉리 상청, 송현,연봉,돌창마을",55,16,지하수,,
전라남도 보성군 보성읍 주봉리 도락마을,30,15,지하수,,
"전라남도 보성군 보성읍 쾌상리 건지, 비가리, 주촌, 장두마을",90,33,지하수,,
전라남도 보성군 복내면 반석리 점촌마을,21,11,지하수,,
전라남도 보성군 복내면 복내리 도화마을,26,15,지하수,,
"전라남도 보성군 복내면 봉천리 탑동, 유동마을",21,8,지하수,,
"전라남도 보성군 복내면 시천리 내시,외시마을",12,10,지하수,,
전라남도 보성군 복내면 일봉리 묵석마을,30,15,지하수,,
전라남도 보성군 웅치면 대산리 복흥마을,33,16,지하수,,
전라남도 보성군 웅치면 봉산리 매남마을,33,17,우물,,
"전라남도 보성군 율어면 문양리 마산마을, 우정마을",64,29,지하수,,
"전라남도 보성군 율어면 선암리 신기, 강내동,팽목, 신기마을",68,24,지하수,,
"전라남도 보성군 율어면 율어리 전두, 진천마을",23,14,지하수,,
전라남도 보성군 조성면 신월리 천동마을,66,30,지하수,,
전라남도 보성군 복내면 용전리 신기마을,21,11,지하수,,
"전라남도 보성군 회천면 군농리 동백, 분매, 농소마을",49,23,지하수,,
전라남도 보성군 회천면 동율리 안골마을,31,16,지하수,,
전라남도 보성군 회천면 봉강리 득복마을,24,11,지하수,,
전라남도 보성군 회천면 회령리 승평마을,33,12,지하수,,
,"1,293",643,,,
전라남도 화순군 화순읍 ,620,248,지하수,,
전라남도 화순군 한천면 ,40,30,지하수,,
전라남도 화순군 춘양면 ,35,20,지하수,,
전라남도 화순군 청풍면 ,51,33,지하수,,
전라남도 화순군 이양면 ,49,30,지하수,,
전라남도 화순군 능주면 ,55,30,지하수,,
전라남도 화순군 도곡면 ,53,26,지하수,,
전라남도 화순군 도암면 ,59,28,지하수,,
전라남도 화순군 이서면 ,89,52,지하수,,
전라남도 화순군 북면 ,69,42,지하수,,
전라남도 화순군 동복면 ,59,36,지하수,,
전라남도 화순군 남면 ,75,42,지하수,,
전라남도 화순군 동면 ,39,26,지하수,,
,"2,037","1,121",,,
전라남도 장흥군 장흥읍 ,62,23,지하수 등,,
전라남도 장흥군 관산읍 ,832,462,지하수 등,,
전라남도 장흥군 대덕읍 ,345,179,지하수 등,,
전라남도 장흥군 용산면 ,241,129,지하수 등,,
전라남도 장흥군 부산면 ,46,23,지하수 등,,
전라남도 장흥군 장동면 ,357,195,지하수 등,,
전라남도 장흥군 장평면 ,81,46,지하수 등,,
전라남도 장흥군 유치면 ,33,31,지하수 등,,
전라남도 장흥군 안양면 ,40,33,지하수 등,,
,"3,509","1,646",,,
전라남도 강진군 강진읍 ,"1,102",465,"지하수, 우물",,
전라남도 강진군 군동면 ,471,200,"지하수, 우물",,
전라남도 강진군 칠량면 ,109,59,"지하수, 우물",,
전라남도 강진군 대구면 ,75,21,"지하수, 우물",,
전라남도 강진군 도암면 ,541,314,"지하수, 우물",,
전라남도 강진군 신전면 ,69,32,"지하수, 우물",,
전라남도 강진군 성전면 ,653,284,"지하수, 우물",,
전라남도 강진군 작천면 ,394,220,"지하수, 우물",,
전라남도 강진군 옴천면 ,95,51,"지하수, 우물",,
,"4,761","2,454",,,
전라남도 해남군 해남읍 연동리,118,50,"우물, 샘",,
전라남도 해남군 삼산면 평활리,330,182,"우물, 샘",,
전라남도 해남군 삼산면 상가리,168,94,"우물, 샘",,
전라남도 해남군 삼산면 신흥리,309,139,"우물, 샘",,
전라남도 해남군 삼산면 창리,160,76,"우물, 샘",,
전라남도 해남군 삼산면 송정리,110,53,"우물, 샘",,
전라남도 해남군 삼산면 봉학리,141,69,"우물, 샘",,
전라남도 해남군 삼산면 원진리,252,134,"우물, 샘",,
전라남도 해남군 삼산면 충리,146,66,"우물, 샘",,
전라남도 해남군 삼산면 구림리,419,212,"우물, 샘",,
전라남도 해남군 화산면 금풍리,104,53,"우물, 샘",,
전라남도 해남군 화산면 월호리,57,27,"우물, 샘",,
전라남도 해남군 화산면 부길리,66,40,"우물, 샘",,
전라남도 해남군 화산면 송산리,61,34,"우물, 샘",,
전라남도 해남군 현산면 구시리,63,39,"우물, 샘",,
전라남도 해남군 옥천면 영춘리,85,48,"우물, 샘",,
전라남도 해남군 옥천면 영신리,161,59,"우물, 샘",,
전라남도 해남군 옥천면 신계리,42,25,"우물, 샘",,
전라남도 해남군 옥천면 신죽리,37,24,"우물, 샘",,
전라남도 해남군 옥천면 팔산리,117,37,"우물, 샘",,
전라남도 해남군 옥천면 월평리,33,21,"우물, 샘",,
전라남도 해남군 옥천면 용산리,79,35,"우물, 샘",,
전라남도 해남군 옥천면 성산리,154,77,"우물, 샘",,
전라남도 해남군 옥천면 대산리,134,73,"우물, 샘",,
전라남도 해남군 옥천면 송산리,120,66,"우물, 샘",,
전라남도 해남군 옥천면 백호리,156,94,"우물, 샘",,
전라남도 해남군 옥천면 용동리,55,28,"우물, 샘",,
전라남도 해남군 계곡면 사정리,39,20,"우물, 샘",,
전라남도 해남군 마산면 송석리,124,70,"우물, 샘",,
전라남도 해남군 산이면 예정리,65,35,"우물, 샘",,
전라남도 해남군 산이면 초송리,53,29,"우물, 샘",,
전라남도 해남군 산이면 부동리,195,96,"우물, 샘",,
전라남도 해남군 산이면 금호리,357,190,"우물, 샘",,
전라남도 해남군 화원면 청용리,246,154,"우물, 샘",,
전라남도 해남군 화원면 주광리,5,5,"우물, 샘",,
,"6,598","3,286",,,
전라남도 영암군 영암읍 ,350,218,지하수,,
전라남도 영암군 삼호읍 ,"1,093",450,지하수,,
전라남도 영암군 덕진면 ,350,171,지하수,,
전라남도 영암군 금정면 ,425,251,지하수,,
전라남도 영암군 신북면 ,"1,421",708,지하수,,
전라남도 영암군 시종면 ,518,301,지하수,,
전라남도 영암군 도포면 ,440,243,지하수,,
전라남도 영암군 군서면 ,722,364,지하수,,
전라남도 영암군 서호면 ,158,70,지하수,,
전라남도 영암군 학산면 ,543,236,지하수,,
전라남도 영암군 미암면 ,578,274,지하수,,
,920,301,,,
전라남도 무안군 현경면 ,52,33,샘물 등,,
전라남도 무안군 망운면 ,76,23,샘물 등,,
전라남도 무안군 해제면 ,103,33,샘물 등,,
전라남도 무안군 청계면 ,76,15,샘물 등,,
전라남도 무안군 무안읍 ,63,39,샘물 등,,
전라남도 무안군 일로읍 ,178,68,샘물 등,,
전라남도 무안군 삼향읍 ,118,35,샘물 등,,
전라남도 무안군 몽탄면 ,34,9,샘물 등,,
전라남도 무안군 운남면 ,220,46,샘물 등,,
,"1,852",956,,,
전라남도 함평군 손불면 ,632,324,지하수,,
전라남도 함평군 신광면 ,64,34,지하수,,
전라남도 함평군 학교면 ,51,27,지하수,,
전라남도 함평군 대동면 ,74,42,지하수,,
전라남도 함평군 엄다면 ,89,47,지하수,,
전라남도 함평군 월야면 ,746,363,지하수,,
전라남도 함평군 나산면 ,82,46,지하수,,
전라남도 함평군 해보면 ,114,73,지하수,,
,"2,452",864,,,
전라남도 영광군 염산면 옥실리,102,45,"지하수, 우물",,
전라남도 영광군 군남면 대덕리,272,90,"지하수, 우물",,
전라남도 영광군 묘량면 월암리,395,120,"지하수, 우물",,
전라남도 영광군 염산면 옥실리,122,63,"지하수, 우물",,
전라남도 영광군 법성면 입암리,15,8,"지하수, 우물",,
전라남도 영광군 법성면 법성리,156,80,"지하수, 우물",,
전라남도 영광군 대마면 홍교리,522,174,"지하수, 우물",,
전라남도 영광군 군서면 덕산리,535,178,"지하수, 우물",,
전라남도 영광군 홍농읍 단덕리,333,106,"지하수, 우물",,
,278,157,,,
전라남도 장성군 장성읍 영천리,98,65,용천수,,
전라남도 장성군 북일면 성덕리,45,3,지하수,,
전라남도 장성군 북이면 달성리,68,49,지하수,,
전라남도 장성군 북이면 만무리,67,40,지하수,,
,278,154,,,
전라남도 완도군 노화읍 방서리,3,3,"지하수,우물,빗물",,
전라남도 완도군 노화읍 내리,23,13,"지하수,우물,빗물",,
전라남도 완도군 노화읍 신양리,24,15,"지하수,우물,빗물",,
전라남도 완도군 금일읍 척치리,39,18,"지하수,우물,빗물",,
전라남도 완도군 군외면 당인리,11,7,"지하수,우물,빗물",,
전라남도 완도군 군외면 황진리,37,23,"지하수, 우물",,
전라남도 완도군 소안면 당사리,41,25,"지하수,우물,빗물",,
전라남도 완도군 고금면 청용리,100,50,"지하수, 우물",,
,20,8,,,
전라남도 신안군 하의면 후광리,16,6,지표수 (하의면 후광리 문병도),,
전라남도 신안군 지도읍 태천리,2,1,우물 (지도읍 태천리 율도),,
전라남도 신안군 암태면 당사리,2,1,우물 (암태면 당사리 초란도),,
,"52,993","26,743",,,
,"37,730","19,158",,,
,"15,263","7,585",,,
,"12,760","6,995",,,
경상북도 포항시남구 구룡포읍 후동리 외 2개 마을,28,14,지하수,,
경상북도 포항시남구 연일읍 우복리 외 1개 마을,25,12,지하수,,
경상북도 포항시남구 오천읍 문충리 외 3개 마을,34,14,지하수,,
경상북도 포항시남구 대송면 산여리 외 1개 마을,8,5,"지하수, 복류수",,
경상북도 포항시남구 동해면 발산리 외 2개 마을 ,40,21,지하수,,
경상북도 포항시남구 장기면 두원리 외 24개 마을,86,44,"지하수, 우물, 계곡수",,
경상북도 포항시남구 호미곶면 강사리 외 1개 마을,16,9,지하수,,
경상북도 포항시북구 신광면 안덕리 외 7개 마을,52,24,지하수,,
경상북도 포항시북구 청하면 청계리,10,6,지하수,,
경상북도 포항시북구 송라면 대전리 외 4개 마을,41,20,지하수,,
경상북도 포항시북구 기계면 고지리 외 11개 마을,75,36,지하수,,
경상북도 포항시북구 죽장면 감곡리 외 31개 마을,98,45,"지하수, 계곡수",,
경상북도 포항시북구 기북면 대곡리 외 15개 마을,67,33,"지하수, 계곡수",,
경상북도 포항시남구 그 밖에 미급수 지역 (동지역),985,493,"기타 (개인관정, 우물 등)",,
경상북도 포항시남구 괴동동 전용상수도 외 1개소,"11,195","6,219","전용상수도 (지하수, 복류수)",,
,"7,179","3,613",,,
경상북도 경주시 양남면 ,"1,020",507,"우물, 샘",,
경상북도 경주시 내남면 ,433,219,"우물, 샘",,
경상북도 경주시 건천읍 ,36,18,"우물, 샘",,
경상북도 경주시 동방동 ,117,58,지하수,,
경상북도 경주시 강동면 ,"4,990","2,520",호소수 (인계댐),,
경상북도 경주시 천북면 ,50,25,지하수,,
경상북도 경주시 산내면 ,100,50,지하수,,
경상북도 경주시 양남면 ,150,75,지하수,,
경상북도 경주시 감포읍 ,100,50,지하수,,
경상북도 경주시 외동읍 ,120,60,지하수,,
경상북도 경주시 양남면 ,63,31,지하수,,
,"4,788","2,445",,,
경상북도 김천시 아포읍 예리,30,11,지하수,,
경상북도 김천시 아포읍 송천리,127,72,지하수,,
경상북도 김천시 아포읍 대성리,181,91,지하수,,
경상북도 김천시 농소면 연명리,4,2,지하수,,
경상북도 김천시 남면 송곡리,13,7,지하수,,
경상북도 김천시 남면 월명리,25,13,지하수,,
경상북도 김천시 남면 부상리,68,36,지하수,,
경상북도 김천시 남면 오봉리,59,29,지하수,,
경상북도 김천시 남면 초곡리,26,2,지하수,,
경상북도 김천시 남면 운남리,12,8,지하수,,
경상북도 김천시 감문면 은림리,30,15,지하수,,
경상북도 김천시 감문면 도명리,40,25,지하수,,
경상북도 김천시 감문면 남곡리,180,111,지하수,,
경상북도 김천시 감문면 ,31,19,지하수,,
경상북도 김천시 감문면 ,34,13,지하수,,
경상북도 김천시 감문면 삼성리,3,3,지하수,,
경상북도 김천시 감문면 광덕리,23,12,지하수,,
경상북도 김천시 감문면 덕남리,43,27,지하수,,
경상북도 김천시 감문면 태촌리,13,6,지하수,,
경상북도 김천시 감문면 성촌리,45,21,지하수,,
경상북도 김천시 어모면 군자리,54,26,지하수,,
경상북도 김천시 어모면 구례리,61,33,지하수,,
경상북도 김천시 어모면 옥계리,92,51,지하수,,
경상북도 김천시 어모면 능치리,312,89,지하수,,
경상북도 김천시 어모면 도암리,12,8,지하수,,
경상북도 김천시 어모면 은기리,24,15,지하수,,
경상북도 김천시 어모면 동좌리,161,78,지하수,,
경상북도 김천시 봉산면 인의리,60,26,지하수,,
경상북도 김천시 봉산면 태화리,80,32,지하수,,
경상북도 김천시 봉산면 상금리,74,39,지하수,,
경상북도 김천시 봉산면 신암리,14,6,지하수,,
경상북도 김천시 봉산면 광천리,47,34,지하수,,
경상북도 김천시 대항면 향천리,44,13,지하수,,
경상북도 김천시 대항면 운수리,5,2,지하수,,
경상북도 김천시 대항면 주례리,93,52,지하수,,
경상북도 김천시 대항면 대성리,10,6,지하수,,
경상북도 김천시 대항면 덕전리,79,41,지하수,,
경상북도 김천시 감천면 무안리,124,58,지하수,,
경상북도 김천시 조마면 신곡리,46,21,지하수,,
경상북도 김천시 조마면 삼산리,8,5,지하수,,
경상북도 김천시 조마면 신왕리,22,9,지하수,,
경상북도 김천시 조마면 대방리,42,21,지하수,,
경상북도 김천시 구성면 흥평리,46,32,지하수,,
경상북도 김천시 구성면 송죽리,82,51,지하수,,
경상북도 김천시 구성면 광명리,128,69,지하수,,
경상북도 김천시 구성면 금평리,49,25,지하수,,
경상북도 김천시 구성면 구미리,64,28,지하수,,
경상북도 김천시 구성면 임평리,47,33,지하수,,
경상북도 김천시 구성면 월계리,32,14,지하수,,
경상북도 김천시 구성면 작내리,35,10,지하수,,
경상북도 김천시 구성면 용호리,35,20,지하수,,
경상북도 김천시 구성면 상거리,15,10,지하수,,
경상북도 김천시 구성면 상좌원리,253,155,지하수,,
경상북도 김천시 구성면 상원리,53,28,지하수,,
경상북도 김천시 구성면 미평리,53,33,지하수,,
경상북도 김천시 지례면 대율리,67,39,지하수,,
경상북도 김천시 지례면 관덕리,9,6,지하수,,
경상북도 김천시 지례면 이전리,30,15,지하수,,
경상북도 김천시 지례면 울곡리,15,10,지하수,,
경상북도 김천시 지례면 여배리,4,3,지하수,,
경상북도 김천시 부항면 ,27,13,지하수,,
경상북도 김천시 부항면 ,5,2,지하수,,
경상북도 김천시 부항면 지좌리,13,8,지하수,,
경상북도 김천시 부항면 사등리,9,5,지하수,,
경상북도 김천시 부항면 ,24,14,지하수,,
경상북도 김천시 부항면 어전리,24,7,지하수,,
경상북도 김천시 부항면 하대리,98,45,지하수,,
경상북도 김천시 부항면 해인리,53,26,지하수,,
경상북도 김천시 부항면 대야리,10,5,지하수,,
경상북도 김천시 부항면 안간리,13,7,지하수,,
경상북도 김천시 부항면 희곡리,49,29,지하수,,
경상북도 김천시 대덕면 관기리,180,64,지하수,,
경상북도 김천시 대덕면 연화리,67,42,지하수,,
경상북도 김천시 대덕면 ,27,14,지하수,,
경상북도 김천시 대덕면 추량리,35,20,지하수,,
경상북도 김천시 대덕면 가례리,28,11,지하수,,
경상북도 김천시 대덕면 덕산리,40,23,지하수,,
경상북도 김천시 대덕면 대리,6,3,지하수,,
경상북도 김천시 대덕면 조룡리,200,106,지하수,,
경상북도 김천시 대덕면 화전리,92,44,지하수,,
경상북도 김천시 대덕면 문의리,5,3,지하수,,
경상북도 김천시 대덕면 ,2,1,지하수,,
경상북도 김천시 대덕면 외감리,60,32,지하수,,
경상북도 김천시 감문면 문무리,50,30,지하수,,
경상북도 김천시 증산면 수도리,14,7,지하수,,
경상북도 김천시 증산면 황점리,94,58,지하수,,
경상북도 김천시 증산면 동안리,95,57,지하수,,
,913,466,,,
경상북도 안동시 풍산읍 ,36,20,지하수,,
경상북도 안동시 와룡면 ,46,27,지하수,,
경상북도 안동시 북후면 ,82,45,지하수,,
경상북도 안동시 서후면 ,23,15,지하수,,
경상북도 안동시 풍천면 ,31,20,지하수,,
경상북도 안동시 일직면 ,27,15,지하수,,
경상북도 안동시 남후면 ,35,20,지하수,,
경상북도 안동시 남선면 ,19,11,지하수,,
경상북도 안동시 임하면 ,54,30,지하수,,
경상북도 안동시 길안면 ,134,77,지하수,,
경상북도 안동시 임동면 ,63,19,지하수,,
경상북도 안동시 예안면 ,121,60,지하수,,
경상북도 안동시 도산면 ,65,30,지하수,,
경상북도 안동시 녹전면 ,117,52,지하수,,
경상북도 안동시 ,60,25,지하수,,
,342,145,,,
경상북도 구미시 선산읍 죽장리,2,1,지하수,,
경상북도 구미시 선산읍 죽장리,2,1,지하수,,
경상북도 구미시 선산읍 죽장리,81,25,지하수,,
경상북도 구미시 선산읍 소재리,2,1,지하수,,
경상북도 구미시 선산읍 소재리,2,1,지하수,,
경상북도 구미시 선산읍 화조리,1,1,지하수,,
경상북도 구미시 옥성면 주아리,20,10,지하수,,
경상북도 구미시 옥성면 옥관리,104,49,지하수,,
경상북도 구미시 옥성면 태봉리,10,5,지하수,,
경상북도 구미시 옥성면 태봉리,8,4,지하수,,
경상북도 구미시 도량동 ,5,1,지하수,,
경상북도 구미시 도량동 ,2,1,지하수,,
경상북도 구미시 도량동 ,3,1,지하수,,
경상북도 구미시 도량동 ,1,1,지하수,,
경상북도 구미시 수점동 ,75,33,지하수,,
경상북도 구미시 형곡동 ,2,1,지하수,,
경상북도 구미시 형곡동 ,1,1,지하수,,
경상북도 구미시 형곡동 ,1,1,지하수,,
경상북도 구미시 형곡동 ,1,1,지하수,,
경상북도 구미시 오태동 ,5,1,지하수,,
경상북도 구미시 오태동 ,4,1,지하수,,
경상북도 구미시 오태동 ,2,1,지하수,,
경상북도 구미시 오태동 ,2,1,지하수,,
경상북도 구미시 오태동 ,3,1,지하수,,
경상북도 구미시 거의동 ,3,1,지하수,,
,"2,619","1,051",,,
경상북도 영주시 풍기읍 수철리,56,24,지하수,,
경상북도 영주시 풍기읍 삼가리,47,19,지하수,,
경상북도 영주시 풍기읍 욱금리,18,7,지하수,,
경상북도 영주시 조암동 ,38,15,지하수,,
경상북도 영주시 휴천동 ,34,14,지하수,,
경상북도 영주시 상망동 ,52,19,지하수,,
경상북도 영주시 이산면 신천리,32,13,"지하수, 계곡수",,
경상북도 영주시 이산면 두월리,58,23,지하수,,
경상북도 영주시 이산면 운문리,24,10,지하수,,
경상북도 영주시 이산면 용상리,36,14,지하수,,
경상북도 영주시 이산면 내림리,54,22,지하수,,
경상북도 영주시 이산면 신암리,20,8,지하수,,
경상북도 영주시 이산면 석포리,34,14,"지하수, 계곡수",,
경상북도 영주시 순흥면 지동리,69,28,지하수,,
경상북도 영주시 평은면 용혈리,20,8,"지하수, 계곡수",,
경상북도 영주시 평은면 천본리,30,12,지하수,,
경상북도 영주시 평은면 지곡리,70,28,지하수,,
경상북도 영주시 평은면 오운리,52,21,지하수,,
경상북도 영주시 평은면 평은리,27,11,지하수,,
경상북도 영주시 평은면 금광리,24,10,지하수,,
경상북도 영주시 평은면 강동리,80,32,"지하수, 계곡수",,
경상북도 영주시 문수면 만방리,31,12,지하수,,
경상북도 영주시 문수면 조제리,26,10,지하수,,
경상북도 영주시 문수면 월호리,15,7,지하수,,
경상북도 영주시 문수면 대양리,29,12,지하수,,
경상북도 영주시 문수면 승문리,17,7,"지하수, 계곡수",,
경상북도 영주시 문수면 탄산리,47,19,지하수,,
경상북도 영주시 장수면 두전리,25,10,지하수,,
경상북도 영주시 장수면 성곡리,55,22,지하수,,
경상북도 영주시 장수면 소룡리,43,17,지하수,,
경상북도 영주시 장수면 호문리,49,20,지하수,,
경상북도 영주시 장수면 화기리,45,18,지하수,,
경상북도 영주시 장수면 갈산리,22,9,지하수,,
경상북도 영주시 장수면 파지리,22,8,지하수,,
경상북도 영주시 안정면 단촌리,24,10,"지하수, 계속수",,
경상북도 영주시 안정면 용산리,25,10,지하수,,
경상북도 영주시 안정면 동촌리,26,10,지하수,,
경상북도 영주시 안정면 내줄리,39,16,지하수,,
경상북도 영주시 안정면 봉암리,46,18,지하수,,
경상북도 영주시 안정면 대평리,18,7,지하수,,
경상북도 영주시 안정면 여륵리,20,8,지하수,,
경상북도 영주시 안정면 옹암리,34,14,지하수,,
경상북도 영주시 봉현면 유전리,18,7,"지하수, 계곡수",,
경상북도 영주시 봉현면 한천리,33,13,지하수,,
경상북도 영주시 봉현면 대촌리,24,10,"지하수, 계곡수",,
경상북도 영주시 봉현면 하촌리,42,17,"지하수, 계곡수",,
경상북도 영주시 봉현면 두산리,30,12,지하수,,
경상북도 영주시 봉현면 노좌리,61,24,"지하수, 계곡수",,
경상북도 영주시 봉현면 오현리,56,22,지하수,,
경상북도 영주시 순흥면 배점리,54,22,"지하수, 계곡수",,
경상북도 영주시 순흥면 덕현리,41,16,"지하수, 계곡수",,
경상북도 영주시 순흥면 청구리,21,8,지하수,,
경상북도 영주시 순흥면 태장리,30,12,지하수,,
경상북도 영주시 단산면 단곡리,31,12,"지하수, 계곡수",,
경상북도 영주시 단산면 구구리,17,7,지하수,,
경상북도 영주시 단산면 사천리,31,12,지하수,,
경상북도 영주시 단산면 좌석리,64,26,지하수,,
경상북도 영주시 단산면 병산리,36,14,지하수,,
경상북도 영주시 단산면 동원리,50,20,지하수,,
경상북도 영주시 단산면 옥대리,37,15,"지하수, 계곡수",,
경상북도 영주시 단산면 마락리,18,7,"지하수, 계곡수",,
경상북도 영주시 부석면 남대리,50,20,"지하수, 계곡수",,
경상북도 영주시 부석면 소천리,19,8,지하수,,
경상북도 영주시 부석면 노곡리,43,17,지하수,,
경상북도 영주시 부석면 임곡리,59,24,"지하수, 계곡수",,
경상북도 영주시 부석면 용암리,32,13,지하수,,
경상북도 영주시 부석면 북지리,27,11,"지하수, 계곡수",,
경상북도 영주시 부석면 상석리,33,13,지하수,,
경상북도 영주시 부석면 보계리,45,18,"지하수, 계곡수",,
경상북도 영주시 부석면 우곡리,32,13,지하수,,
경상북도 영주시 부석면 감곡리,52,22,"지하수, 계곡수",,
,316,167,,,
경상북도 영천시 금호읍 성천리,4,2,지하수,,
경상북도 영천시 금호읍 석섬리,4,2,지하수,,
경상북도 영천시 금호읍 원제리,10,4,지하수,,
경상북도 영천시 금호읍 봉죽리,3,1,지하수,,
경상북도 영천시 금호읍 관정리,10,5,지하수,,
경상북도 영천시 금호읍 약남리,3,2,지하수,,
경상북도 영천시 금호읍 대곡리,4,1,지하수,,
경상북도 영천시 금호읍 호남리,2,2,지하수,,
경상북도 영천시 금호읍 어은리,19,7,지하수,,
경상북도 영천시 금호읍 오계리,2,1,지하수,,
경상북도 영천시 금호읍 신대리,4,2,지하수,,
경상북도 영천시 금호읍 남성리,11,7,지하수,,
경상북도 영천시 신녕면 화남리,4,4,전용상수도,,
경상북도 영천시 신녕면 왕산리,16,11,지하수,,
경상북도 영천시 신녕면 매양리,27,15,지하수,,
경상북도 영천시 화북면 용소리,17,8,지하수,,
경상북도 영천시 자양면 보현리,17,10,"지하수, 계곡수",,
경상북도 영천시 자양면 노항리,5,3,지하수,,
경상북도 영천시 자양면 용화리,5,3,지하수,,
경상북도 영천시 자양면 신방리,10,6,지하수,,
경상북도 영천시 화산면 가상리,18,9,지하수,,
경상북도 영천시 청통면 호당리,13,8,지하수,,
경상북도 영천시 북안면 북리,29,15,지하수,,
경상북도 영천시 북안면 도유리,2,1,지하수,,
경상북도 영천시 북안면 명주리,6,3,지하수,,
경상북도 영천시 화남면 용계리,12,6,지하수,,
경상북도 영천시 금호읍 신대리,20,10,지하수,,
경상북도 영천시 북안면 신리리,6,2,지하수,,
경상북도 영천시 북안면 옥천리,3,1,지하수,,
경상북도 영천시 북안면 자포리,20,10,지하수,,
경상북도 영천시 북안면 원당리,4,3,지하수,,
경상북도 영천시 북안면 유하리,6,3,지하수,,
,"6,782","3,518",,,
경상북도 상주시 외답동 ,191,85,전용상수도,,
경상북도 상주시 함창읍 ,161,81,지하수,,
경상북도 상주시 사벌면 매협리,142,57,지하수,,
경상북도 상주시 사벌면 퇴강리,113,64,지하수,,
경상북도 상주시 중동면 우물리,36,20,지하수,,
경상북도 상주시 낙동면 운평리,177,74,지하수,,
경상북도 상주시 청리면 하초리,91,48,지하수,,
경상북도 상주시 공성면 이화리,168,74,지하수,,
경상북도 상주시 공성면 무곡리,65,34,지하수,,
경상북도 상주시 공성면 오광리,190,95,지하수,,
경상북도 상주시 낙동면 신상리,80,35,지하수,,
경상북도 상주시 외남면 흔평리,186,91,지하수,,
경상북도 상주시 외남면 소은리,81,34,지하수,,
경상북도 상주시 내서면 능암리,164,79,지하수,,
경상북도 상주시 내서면 평지리,61,37,지하수,,
경상북도 상주시 내서면 노류리,92,43,지하수,,
경상북도 상주시 내서면 고곡리,130,72,지하수,,
경상북도 상주시 모동면 ,102,46,지하수,,
경상북도 상주시 모서면 득수리,107,41,지하수,,
경상북도 상주시 모서면 백학리,80,38,지하수,,
경상북도 상주시 화동면 판곡리,46,30,지하수,,
경상북도 상주시 화동면 보미리,65,50,지하수,,
경상북도 상주시 화서면 금산리,91,47,지하수,,
경상북도 상주시 화서면 율림리,52,26,지하수,,
경상북도 상주시 화서면 하송리,57,31,지하수,,
경상북도 상주시 화북면 용유리,77,40,지하수,,
경상북도 상주시 화북면 장암리,41,23,지하수,,
경상북도 상주시 화북면 상오리,134,75,지하수,,
경상북도 상주시 화북면 입석리,126,101,지하수,,
경상북도 상주시 화북면 중벌리,60,43,지하수,,
경상북도 상주시 화북면 운흥리,48,39,지하수,,
경상북도 상주시 외서면 관동리,120,34,지하수,,
경상북도 상주시 외서면 이천리,70,40,지하수,,
경상북도 상주시 외서면 봉강리,76,37,지하수,,
경상북도 상주시 외서면 우산리,75,60,지하수,,
경상북도 상주시 외서면 가곡리,23,12,지하수,,
경상북도 상주시 외서면 관현리,14,6,지하수,,
경상북도 상주시 외서면 이촌리,19,10,지하수,,
경상북도 상주시 은척면 봉중리,234,121,지하수,,
경상북도 상주시 은척면 두곡리,27,13,지하수,,
경상북도 상주시 은척면 장암리,87,51,지하수,,
경상북도 상주시 은척면 황령리,12,6,지하수,,
경상북도 상주시 공검면 오태리,56,28,지하수,,
경상북도 상주시 공검면 역곡리,138,82,지하수,,
경상북도 상주시 공검면 예주리,56,29,지하수,,
경상북도 상주시 공검면 지평리,14,9,지하수,,
경상북도 상주시 이안면 구미리,62,35,지하수,,
경상북도 상주시 이안면 아천리,141,65,지하수,,
경상북도 상주시 이안면 지산리,64,35,지하수,,
경상북도 상주시 이안면 여물리,43,33,지하수,,
경상북도 상주시 화남면 동관리,79,51,지하수,,
경상북도 상주시 화남면 평온리,279,142,지하수,,
경상북도 상주시 화남면 임곡리,54,35,지하수,,
경상북도 상주시 화남면 중눌리,78,48,지하수,,
경상북도 상주시 화남면 소곡리,117,54,지하수,,
경상북도 상주시 ,187,102,지하수,,
경상북도 상주시 남장동 ,301,151,지하수,,
경상북도 상주시 연원동 ,271,148,지하수,,
경상북도 상주시 개운동 ,104,43,지하수,,
경상북도 상주시 ,159,68,지하수,,
경상북도 상주시 ,200,110,지하수,,
경상북도 상주시 ,71,39,지하수,,
경상북도 상주시 외남면 신촌리,171,69,지하수,,
경상북도 상주시 내서면 서원리,95,58,지하수,,
경상북도 상주시 내서면 능암리,71,41,지하수,,
,161,89,,,
경상북도 문경시 가은읍 완장2리,12,7,지하수,,
경상북도 문경시 가은읍 완장1리,72,40,지하수,,
경상북도 문경시 동로면 명전1리 귀내기,14,7,지하수,,
경상북도 문경시 동로면 명전2리 방곡,12,6,지하수,,
경상북도 문경시 마성면 신현1리 진남교반,51,29,지하수,,
,"1,870",669,,,
경상북도 경산시 하양읍 ,298,170,지하수,,
경상북도 경산시 진량읍 ,268,86,지하수,,
경상북도 경산시 와촌면 ,357,213,지하수,,
경상북도 경산시 용성면 ,212,42,지하수,,
경상북도 경산시 압량면 ,191,56,지하수,,
경상북도 경산시 남천면 ,197,38,지하수,,
경상북도 경산시 점촌동 ,30,5,지하수,,
경상북도 경산시 내동 ,32,7,지하수,,
경상북도 경산시 옥곡동 ,17,6,지하수,,
경상북도 경산시 남산면 ,268,46,지하수,,
,"2,122","1,059",,,
경상북도 군위군 군위읍 ,350,175,지하수,,
경상북도 군위군 소보면 ,262,130,지하수,,
경상북도 군위군 효령면 ,243,122,지하수,,
경상북도 군위군 부계면 ,695,347,지하수,,
경상북도 군위군 의흥면 ,100,50,지하수,,
경상북도 군위군 산성면 ,222,110,지하수,,
경상북도 군위군 고로면 ,150,75,지하수,,
경상북도 군위군 우보면 ,100,50,지하수,,
,492,270,,,
경상북도 의성군 의성읍 ,32,17,지하수,,
경상북도 의성군 단촌면 ,12,6,지하수,,
경상북도 의성군 점곡면 ,18,10,지하수,,
경상북도 의성군 옥산면 ,43,24,지하수,,
경상북도 의성군 사곡면 ,34,19,지하수,,
경상북도 의성군 춘산면 ,63,35,지하수,,
경상북도 의성군 가음면 ,48,27,지하수,,
경상북도 의성군 금성면 ,51,28,지하수,,
경상북도 의성군 봉양면 ,32,18,지하수,,
경상북도 의성군 비안면 ,14,8,지하수,,
경상북도 의성군 구천면 ,10,5,지하수,,
경상북도 의성군 단밀면 ,14,7,지하수,,
경상북도 의성군 단북면 ,13,7,지하수,,
경상북도 의성군 안계면 ,12,7,지하수,,
경상북도 의성군 다인면 ,25,14,지하수,,
경상북도 의성군 신평면 ,33,18,지하수,,
경상북도 의성군 안평면 ,23,13,지하수,,
경상북도 의성군 안사면 ,15,7,지하수,,
,668,364,,,
경상북도 청송군 진보면 광덕리,308,168,전용상수도,,
경상북도 청송군 부동면 하의리,9,9,전용상수도,,
경상북도 청송군 청송읍 교리,20,9,우물,,
경상북도 청송군 청송읍 거대리,35,19,지하수,,
경상북도 청송군 파천면 옹점리,32,17,지하수,,
경상북도 청송군 파천면 황목리,15,9,지하수,,
경상북도 청송군 진보면 이촌리,18,9,지하수,,
경상북도 청송군 진보면 부곡리,9,4,지하수,,
경상북도 청송군 현동면 거성리,23,10,자하수,,
경상북도 청송군 안덕면 노래리,65,30,지하수,,
경상북도 청송군 안덕면 복리,15,7,지하수,,
경상북도 청송군 부동면 내룡리,32,15,지하수,,
경상북도 청송군 현서면 천천리,16,9,지하수,,
경상북도 청송군 현서면 무계리,25,19,지하수,,
경상북도 청송군 부남면 구천리,20,12,지하수,,
경상북도 청송군 부남면 양숙리,12,8,지하수,,
경상북도 청송군 부동면 신점리,6,4,지하수,,
경상북도 청송군 진보면 세장리,8,6,지하수,,
,23,17,,,
경상북도 영덕군 지품면 삼화리,5,3,계곡수,,
경상북도 영덕군 영해면 묘곡리,4,3,계곡수,,
경상북도 영덕군 영덕읍 화천리,1,1,계곡수,,
경상북도 영덕군 남정면 양성리,6,3,계곡수,,
경상북도 영덕군 강구면 삼사리,7,7,전용상수도,,
,879,505,,,
경상북도 청도군 청도읍 고수리,485,293,전용상수도 (지하수),,
경상북도 청도군 ,394,212,"기타 (우물, 샘 등)",,
,"2,492","1,228",,,
경상북도 성주군 성주읍 ,81,25,지하수,,
경상북도 성주군 선남면 ,276,129,지하수,,
경상북도 성주군 용암면 ,88,43,지하수,,
경상북도 성주군 수륜면 ,325,176,지하수,,
경상북도 성주군 가천면 ,112,62,지하수,,
경상북도 성주군 금수면 ,127,75,지하수,,
경상북도 성주군 대가면 ,453,223,지하수,,
경상북도 성주군 벽진면 ,285,144,지하수,,
경상북도 성주군 초전면 ,413,200,지하수,,
경상북도 성주군 월항면 ,332,151,지하수,,
,"3,353","1,568",,,
경상북도 칠곡군 왜관읍 석전리 한일맨션,85,34,전용상수도,,
경상북도 칠곡군 기산면 그외지역 (산재가옥 및 농가주택 등),191,88,지하수,,
경상북도 칠곡군 왜관읍 그외지역 (산재가옥 및 농가주택 등) ,191,79,지하수,,
경상북도 칠곡군 북삼읍 그외지역 (산재가옥 및 농가주택 등),848,331,지하수,,
경상북도 칠곡군 석적읍 그외지역 (산재가옥 및 농가주택 등),74,33,지하수,,
경상북도 칠곡군 지천면 그외지역 (산재가옥 및 농가주택 등) ,447,237,지하수,,
경상북도 칠곡군 동명면 그외지역 (산재가옥 및 농가주택 등) ,507,254,계곡수 및 지하수,,
경상북도 칠곡군 가산면 그외지역 (산재가옥 및 농가주택 등) ,872,453,지하수,,
경상북도 칠곡군 약목면 그외지역 (산재가옥 및 농가주택 등) ,138,59,지하수,,
,"1,398",732,,,
경상북도 예천군 예천읍 백전리,7,6,지하수,,
경상북도 예천군 예천읍 청복리,4,2,지하수,,
경상북도 예천군 예천읍 통명리,3,3,지하수,,
경상북도 예천군 용문면 구계리,2,1,지하수,,
경상북도 예천군 용문면 사부리,5,3,지하수,,
경상북도 예천군 용문면 내지리,2,1,지하수,,
경상북도 예천군 용문면 원류리,1,1,지하수,,
경상북도 예천군 상리면 도촌리,30,16,지하수,,
경상북도 예천군 상리면 사곡리,12,10,지하수,,
경상북도 예천군 상리면 명봉리,48,15,지하수,,
경상북도 예천군 상리면 용두리,14,8,지하수,,
경상북도 예천군 상리면 두성리,13,7,지하수,,
경상북도 예천군 상리면 백석리,8,3,지하수,,
경상북도 예천군 상리면 초항리,2,1,지하수,,
경상북도 예천군 상리면 고항리,12,5,지하수,,
경상북도 예천군 상리면 석묘리,7,3,지하수,,
경상북도 예천군 상리면 보곡리,5,2,지하수,,
경상북도 예천군 하리면 탑리,2,1,지하수,,
경상북도 예천군 하리면 은산리,6,3,지하수,,
경상북도 예천군 하리면 송월리,4,2,지하수,,
경상북도 예천군 하리면 금곡리,12,7,지하수,,
경상북도 예천군 하리면 율곡리,9,4,지하수,,
경상북도 예천군 하리면 시항리,8,6,지하수,,
경상북도 예천군 감천면 포리,68,35,지하수,,
경상북도 예천군 감천면 덕율리,109,59,지하수,,
경상북도 예천군 감천면 관현리,14,6,지하수,,
경상북도 예천군 감천면 천향리,127,68,지하수,,
경상북도 예천군 감천면 진평리,19,8,지하수,,
경상북도 예천군 감천면 벌방리,4,4,지하수,,
경상북도 예천군 감천면 수한리,7,3,지하수,,
경상북도 예천군 감천면 현내리,5,3,지하수,,
경상북도 예천군 감천면 돈산리,8,8,지하수,,
경상북도 예천군 감천면 유리,5,1,지하수,,
경상북도 예천군 감천면 미석리,40,8,지하수,,
경상북도 예천군 감천면 대맥리,23,12,지하수,,
경상북도 예천군 감천면 장산리,9,7,지하수,,
경상북도 예천군 감천면 마촌리,29,19,지하수,,
경상북도 예천군 보문면 신월리,29,15,지하수,,
경상북도 예천군 보문면 독양리,58,31,지하수,,
경상북도 예천군 보문면 기곡리,15,6,지하수,,
경상북도 예천군 보문면 산성리,2,1,지하수,,
경상북도 예천군 보문면 수계리,21,11,지하수,,
경상북도 예천군 보문면 작곡리,10,5,지하수,,
경상북도 예천군 보문면 오암리,3,3,지하수,,
경상북도 예천군 호명면 본포리,64,35,지하수,,
경상북도 예천군 호명면 원곡리,12,4,지하수,,
경상북도 예천군 호명면 직산리,11,6,지하수,,
경상북도 예천군 호명면 황지리,48,26,지하수,,
경상북도 예천군 유천면 수심리,64,33,지하수,,
경상북도 예천군 유천면 중평리,74,43,지하수,,
경상북도 예천군 유천면 고림리,66,36,지하수,,
경상북도 예천군 유천면 가리,11,7,지하수,,
경상북도 예천군 용궁면 향석리,69,38,지하수,,
경상북도 예천군 풍양면 우망리,7,3,지하수,,
경상북도 예천군 풍양면 청운리,5,3,지하수,,
경상북도 예천군 풍양면 삼강리,51,26,지하수,,
경상북도 예천군 풍양면 괴당리,75,38,지하수,,
경상북도 예천군 풍양면 고산리,20,11,지하수,,
,941,596,,,
"경상북도 봉화군 물야면 (개단3,5리,두문1,2리,수식1,2리)",69,52,지하수,,
"경상북도 봉화군 봉성면 (외삼1,2리,금봉2리.우곡1리)",55,41,지하수,,
"경상북도 봉화군 법전면 (법전2리,풍정2리,척곡1리,소천2리,눌산1,2리,어지1,2리,소지리)",51,38,지하수,,
"경상북도 봉화군 춘양면 (학산리,석현1,2리,애당1,2리,도심1,3리,서벽1,4리,우구치리,소로1리)",112,69,지하수,,
"경상북도 봉화군 봉화읍 (거촌3리,유곡1리)",414,229,지하수,,
"경상북도 봉화군 석포면 (대현1리,승부리)",51,34,지하수,,
"경상북도 봉화군 재산면 (동면1,2리,갈산2리,남면리)",38,27,지하수,,
"경상북도 봉화군 명호면 (도천2,3,4리,삼동1,2리,양곡2리,고감1,2리,풍호1리,고계1리,관창1,2리)",52,37,지하수,,
"경상북도 봉화군 상운면 (문촌리,구천리,신라리)",39,26,지하수,,
"경상북도 봉화군 소천면 (고선1리,임기1,3리,두음리,남회룡리,분천1,5리)",60,43,지하수,,
,"2,895","1,246",,,
경상북도 울진군 울진읍 신림리,5,4,지하수,,
경상북도 울진군 울진읍 정림리,2,1,지하수,,
경상북도 울진군 울진읍 대흥리,3,3,샘물,,
경상북도 울진군 북면 덕구리,16,11,지하수,,
경상북도 울진군 금강송면 왕피리,9,4,샘물,,
경상북도 울진군 금강송면 소광리,41,27,지하수,,
경상북도 울진군 금강송면 전곡리,2,2,지하수,,
경상북도 울진군 금강송면 광회리,22,9,샘물,,
경상북도 울진군 금강송면 쌍전리,50,34,샘물,,
경상북도 울진군 근남면 행곡리,13,4,지하수,,
경상북도 울진군 근남면 수곡리,7,3,지하수,,
경상북도 울진군 근남면 구산리,25,11,샘물,,
경상북도 울진군 매화면 길곡리,3,1,샘물,,
경상북도 울진군 기성면 정명리,2,1,샘물,,
경상북도 울진군 기성면 다천리,1,1,샘물,,
경상북도 울진군 기성면 황보리,3,2,지하수,,
경상북도 울진군 온정면 덕인리,11,6,지하수,,
경상북도 울진군 금강송면 소광리,10,2,전용상수도 (금강송에코리움),,
경상북도 울진군 북면 나곡리,60,40,전용상수도 (나곡리연립주택),,
경상북도 울진군 근남면 노음리,25,16,지하수,,
경상북도 울진군 북면 부구리,150,150,전용상수도 (두산중공업),,
경상북도 울진군 북면 부구리,240,96,전용상수도 (혜광주택아파트),,
경상북도 울진군 북면 부구리,"1,894",816,전용상수도 (한수원사택),,
경상북도 울진군 북면 부구리,1,1,전용상수도 (한수원 1~4기),,
경상북도 울진군 기성면 봉산리,300,1,전용상수도 (울진공항),,
,"11,587","5,095",,,
,"11,180","5,025",,,
,407,70,,,
,159,65,,,
경상남도 진주시 문산읍 갈곡리,159,65,지하수,,
,62,28,,,
경상남도 통영시 욕지면 ,35,17,우물 등,,
경상남도 통영시 한산면 ,1,1,우물 등,,
경상남도 통영시 광도면 ,26,10,우물 등,,
,"7,055","3,074",,,
경상남도 김해시 동상동 ,43,19,지하수 및 우물,,
경상남도 김해시 서상동 ,66,29,지하수 및 우물,,
경상남도 김해시 부원동 ,12,6,지하수 및 우물,,
경상남도 김해시 외동 ,62,27,지하수 및 우물,,
경상남도 김해시 삼계동 ,158,69,지하수 및 우물,,
경상남도 김해시 화목동 ,26,12,지하수 및 우물,,
경상남도 김해시 삼정동 ,85,37,지하수 및 우물,,
경상남도 김해시 불암동 ,22,10,지하수 및 우물,,
경상남도 김해시 장유동 ,180,79,지하수 및 우물,,
경상남도 김해시 삼문동 ,177,77,지하수 및 우물,,
경상남도 김해시 율하동 ,146,64,지하수 및 우물,,
경상남도 김해시 진영읍 ,855,372,지하수 및 우물,,
경상남도 김해시 주촌면 ,532,232,지하수 및 우물,,
경상남도 김해시 진례면 ,"3,245","1,411",지하수 및 우물,,
경상남도 김해시 한림면 ,333,145,지하수 및 우물,,
경상남도 김해시 생림면 ,156,68,지하수 및 우물,,
경상남도 김해시 상동면 ,94,41,지하수 및 우물,,
경상남도 김해시 대동면 ,726,316,지하수 및 우물,,
경상남도 김해시 삼방동 ,137,60,지하수 및 우물,,
,"2,278",986,,,
경상남도 밀양시 무안면 ,259,115,"계곡수,우물,샘물,개인지하수 등",,
경상남도 밀양시 초동면 ,170,75,"계곡수,우물,샘물,개인지하수 등",,
경상남도 밀양시 상남면 ,166,72,"계곡수,우물,샘물,개인지하수 등",,
경상남도 밀양시 산외면 ,192,84,"계곡수,우물,샘물,개인지하수 등",,
경상남도 밀양시 상동면 ,212,98,"계곡수,우물,샘물,개인지하수 등",,
"경상남도 밀양시 삼랑진읍, 하남읍 지역",58,22,"계곡수,우물,샘물,개인지하수 등",,
경상남도 밀양시 산내면 ,280,122,"계곡수,우물,샘물,개인지하수 등",,
경상남도 밀양시 단장면 ,339,145,"계곡수,우물,샘물,개인지하수 등",,
경상남도 밀양시 청도면 ,402,172,"계곡수,우물,샘물,개인지하수 등",,
"경상남도 밀양시 내이동, 내일동, 교동 ",35,12,"계곡수,우물,샘물,개인지하수 등",,f
경상남도 밀양시 부북면 ,165,69,"계곡수,우물,샘물,개인지하수 등",,
,"1,234",727,,,
경상남도 거제시 둔덕면 방하리 죽전1반마을 (방하리 665-1,30,16,계곡수,,
경상남도 거제시 남부면 탑포1 (탑포리 산73-1) ,36,36,계곡수,,
경상남도 거제시 남부면 탑포3 (탑포리 226-1),21,20,계곡수,,
경상남도 거제시 동부면 율포리 율포서 (율포리 737-1),34,22,계곡수,,
경상남도 거제시 동부면 율포리 율포동 (율포리 산43),5,5,계곡수,,
경상남도 거제시 동부면 오송리 영북 (오송리 산60-1),32,12,계곡수,,
경상남도 거제시 동부면 구천리 가매골 (구천리 298),23,15,계곡수,,
경상남도 거제시 동부면 오송리 영월진등 (오송리 55-29),22,10,계곡수,,
경상남도 거제시 동부면 구천리 망골 (구천리 62),15,8,계곡수,,
경상남도 거제시 동부면 구천리 연담본 (구천리 515),20,9,계곡수,,
경상남도 거제시 동부면 구천리 소나무재골 (구천리 97-13) ,15,7,계곡수,,
경상남도 거제시 동부면 구천리 평지반지밭골 (구천리 산97-17),17,8,계곡수,,
경상남도 거제시 동부면 부춘리 삼거림산태골 (부춘리 산12-8),13,7,계곡수,,
경상남도 거제시 동부면 부춘리 삼거림송토골 (부춘리 산79),11,7,계곡수,,
경상남도 거제시 동부면 오송리 동호본마을 (오송리 33-17),19,5,계곡수,,
경상남도 거제시 동부면 오송리 영월위땅넘 (오송리 716-7),18,6,계곡수,,
경상남도 거제시 동부면 가배리 덕원 (가배리 37-10),11,9,계곡수,,
경상남도 거제시 동부면 율포리 솔곶이 (율포리 산66-24),25,8,계곡수,,
경상남도 거제시 동부면 구천리 평지본 (구천리 산109),22,15,계곡수,,
경상남도 거제시 동부면 오송리 동호양지을 (오송리 산43-69),14,14,계곡수,,
경상남도 거제시 거제면 서정리 뒷메 (서정리 61),37,17,계곡수,,
경상남도 거제시 거제면 법동리 리 (법동리 61-1) ,16,7,계곡수,,
경상남도 거제시 연초면 명동리 골 (명동리 산121) ,24,11,계곡수,,
경상남도 거제시 연초면 송정리 솔밭밑 (송정리 349) ,23,7,계곡수,,
경상남도 거제시 연초면 송정리 대롱 (송정리 356-1) ,8,4,계곡수,,
경상남도 거제시 연초면 이목리 이목 (이목리 산14),7,5,계곡수,,
경상남도 거제시 연초면 다공리 대촌 (다공리 412-2) ,22,11,계곡수,,
경상남도 거제시 연초면 한내리 한내골 (한내리 산84),18,11,계곡수,,
경상남도 거제시 연초면 오비리 금구 (오비리 1026),9,5,계곡수,,
경상남도 거제시 연초면 오비리 점골 (오비리 산29),12,7,계곡수,,
경상남도 거제시 연초면 연사리 연사아랫마을 (연사리 714),19,10,계곡수,,
경상남도 거제시 연초면 죽토리 양지 (죽토리 423),12,8,계곡수,,
경상남도 거제시 연초면 다공리 불곡 (다공리 산91-1) ,20,14,계곡수,,
경상남도 거제시 연초면 다공리 중리 (다공리 225-7) ,10,5,계곡수,,
경상남도 거제시 연초면 명동리 명하동편 (명동리 산80),15,15,계곡수,,
경상남도 거제시 연초면 명동리 명하서편 (명동리 산60) ,32,24,계곡수,,
경상남도 거제시 연초면 덕치리 문암 (덕치리 55) ,32,20,계곡수,,
경상남도 거제시 장목면 율천리 율북 (율천리 산17) ,25,25,계곡수,,
경상남도 거제시 하청면 유계리 서상 (유계리 248),14,14,계곡수,,
경상남도 거제시 하청면 석포리 금당개 (석포리 75-6),8,8,계곡수,,
경상남도 거제시 하청면 유계리 서대 (유계리 1193),6,6,계곡수,,
경상남도 거제시 장목면 외포리 서목 (외포리 554-7) ,16,11,계곡수,,
경상남도 거제시 장목면 외포리 정골 (외포리 1670) ,8,6,계곡수,,
경상남도 거제시 둔덕면 상둔리 유지 (상둔리 900-12) ,50,15,계곡수,,
경상남도 거제시 둔덕면 시목리 상서점들 (시목리 산135-1),21,18,계곡수,,
경상남도 거제시 둔덕면 시목리 시목 (시목리 895) ,76,19,계곡수,,
경상남도 거제시 둔덕면 거림리 마장 (거림리 9020,44,27,계곡수,,
경상남도 거제시 둔덕면 산방리 산방 (산방리 142),21,15,계곡수,,
경상남도 거제시 둔덕면 방하리 죽전1반 (방하리 70-4),15,15,계곡수,,
경상남도 거제시 둔덕면 상둔리 옥동3반 (상둔리 산80-3),14,14,계곡수,,
경상남도 거제시 둔덕면 상둔리 옥동덕리 (상둔리 920-3),27,14,계곡수,,
경상남도 거제시 둔덕면 시목리 외골 (시목리 28),33,19,계곡수,,
경상남도 거제시 사등면 지석리 장좌 (시목리 산16-1) ,56,27,계곡수,,
경상남도 거제시 상동동 용산음지 (상동동 144-8),14,10,계곡수,,
경상남도 거제시 삼거동 삼거음지 (삼거동 109-1),22,14,계곡수,,
경상남도 거제시 삼거동 삼거상 (삼거동 500),34,19,계곡수,,
경상남도 거제시 연초면 명동리 중뫼 (명동리 산60),11,11,계곡수,,
,392,145,,,
경상남도 양산시 원동면 내포리 일원,10,3,지하수,,
경상남도 양산시 원동면 대리 일원,16,4,지하수,,
경상남도 양산시 원동면 서룡리 일원,20,5,지하수,,
경상남도 양산시 원동면 선리 일원,36,12,지하수,,
경상남도 양산시 원동면 영포리 일원,15,5,지하수,,
경상남도 양산시 원동면 용당리 일원,5,2,지하수,,
경상남도 양산시 원동면 원리 일원,7,3,지하수,,
경상남도 양산시 원동면 화제리 일원,35,12,지하수,,
경상남도 양산시 명곡동 ,122,49,전용상수도,,
경상남도 양산시 주남동 ,126,50,전용상수도,,
,250,1,,,
경상남도 고성군 회화면 삼덕리,250,1,지하수,,
,101,47,,,
경상남도 산청군 단성면 강누리 교동마을외 13개소,101,47,개인지하수,,
,56,22,,,
경상남도 합천군 합천읍 서산리,2,1,지하수,,
경상남도 합천군 합천읍 금양리,2,2,지하수,,
경상남도 합천군 합천읍 외곡리,5,2,지하수,,
경상남도 합천군 청덕면 모리,3,1,지하수,,
경상남도 합천군 야로면 하림리,5,2,지하수,,
경상남도 합천군 쌍백면 하신리,2,1,지하수,,
경상남도 합천군 가회면 덕촌리,3,1,지하수,,
경상남도 합천군 대병면 회양리,6,2,지하수,,
경상남도 합천군 율곡면 임북리,2,1,지하수,,
경상남도 합천군 가야면 황산리,5,2,지하수,,
경상남도 합천군 가야면 야천리,9,3,지하수,,
경상남도 합천군 봉산면 봉계리,7,2,지하수,,
경상남도 합천군 봉산면 계산리,2,1,지하수,,
경상남도 합천군 가야면 청현리,3,1,지하수,,
