"측정소명","년/월/일","수위(cm)","최고수위(cm)","최저수위(cm)"
"남양주시(부평교)","2021/12/31","25","",""
"남양주시(부평교)","2021/12/30","25","",""
"남양주시(부평교)","2021/12/29","25","",""
"남양주시(부평교)","2021/12/28","25","",""
"남양주시(부평교)","2021/12/27","25","",""
"남양주시(부평교)","2021/12/26","25","",""
"남양주시(부평교)","2021/12/25","26","",""
"남양주시(부평교)","2021/12/24","26","",""
"남양주시(부평교)","2021/12/23","26","",""
"남양주시(부평교)","2021/12/22","26","",""
"남양주시(부평교)","2021/12/21","26","",""
"남양주시(부평교)","2021/12/20","26","",""
"남양주시(부평교)","2021/12/19","26","",""
"남양주시(부평교)","2021/12/18","26","",""
"남양주시(부평교)","2021/12/17","27","",""
"남양주시(부평교)","2021/12/16","27","",""
"남양주시(부평교)","2021/12/15","27","",""
"남양주시(부평교)","2021/12/14","27","",""
"남양주시(부평교)","2021/12/13","27","",""
"남양주시(부평교)","2021/12/12","27","",""
"남양주시(부평교)","2021/12/11","27","",""
"남양주시(부평교)","2021/12/10","27","",""
"남양주시(부평교)","2021/12/09","27","",""
"남양주시(부평교)","2021/12/08","27.83","",""
"남양주시(부평교)","2021/12/07","28","",""
"남양주시(부평교)","2021/12/06","28","",""
"남양주시(부평교)","2021/12/05","28","",""
"남양주시(부평교)","2021/12/04","28","",""
"남양주시(부평교)","2021/12/03","29","",""
"남양주시(부평교)","2021/12/02","29","",""
"남양주시(부평교)","2021/12/01","32","",""
"남양주시(부평교)","2021/11/30","26","",""
"남양주시(부평교)","2021/11/29","26","",""
"남양주시(부평교)","2021/11/28","26","",""
"남양주시(부평교)","2021/11/27","26.71","",""
"남양주시(부평교)","2021/11/25","27","",""
"남양주시(부평교)","2021/11/24","27","",""
"남양주시(부평교)","2021/11/23","28","",""
"남양주시(부평교)","2021/11/22","27","",""
"남양주시(부평교)","2021/11/21","26","",""
"남양주시(부평교)","2021/11/20","26","",""
"남양주시(부평교)","2021/11/19","27","",""
"남양주시(부평교)","2021/11/18","27","",""
"남양주시(부평교)","2021/11/17","27","",""
"남양주시(부평교)","2021/11/16","27","",""
"남양주시(부평교)","2021/11/15","27","",""
"남양주시(부평교)","2021/11/14","27","",""
"남양주시(부평교)","2021/11/13","27","",""
"남양주시(부평교)","2021/11/12","28","",""
"남양주시(부평교)","2021/11/11","28","",""
"남양주시(부평교)","2021/11/10","28.17","",""
"남양주시(부평교)","2021/11/09","29.5","",""
"남양주시(부평교)","2021/11/08","32.88","",""
"남양주시(부평교)","2021/11/07","27","",""
"남양주시(부평교)","2021/11/06","27","",""
"남양주시(부평교)","2021/11/05","27","",""
"남양주시(부평교)","2021/11/04","27","",""
"남양주시(부평교)","2021/11/03","27","",""
"남양주시(부평교)","2021/11/02","27","",""
"남양주시(부평교)","2021/11/01","27","",""
"남양주시(부평교)","2021/10/31","27","",""
"남양주시(부평교)","2021/10/30","27","",""
"남양주시(부평교)","2021/10/29","27","",""
"남양주시(부평교)","2021/10/28","27","",""
"남양주시(부평교)","2021/10/27","27.71","",""
"남양주시(부평교)","2021/10/26","28","",""
"남양주시(부평교)","2021/10/25","28","",""
"남양주시(부평교)","2021/10/24","28","",""
"남양주시(부평교)","2021/10/23","28","",""
"남양주시(부평교)","2021/10/22","28.46","",""
"남양주시(부평교)","2021/10/21","29","",""
"남양주시(부평교)","2021/10/20","29","",""
"남양주시(부평교)","2021/10/19","29.83","",""
"남양주시(부평교)","2021/10/18","30","",""
"남양주시(부평교)","2021/10/17","30","",""
"남양주시(부평교)","2021/10/16","30.54","",""
"남양주시(부평교)","2021/10/15","31.75","",""
"남양주시(부평교)","2021/10/14","32.29","",""
"남양주시(부평교)","2021/10/13","33.63","",""
"남양주시(부평교)","2021/10/12","35.83","",""
"남양주시(부평교)","2021/10/11","39.54","",""
"남양주시(부평교)","2021/10/10","35.92","",""
"남양주시(부평교)","2021/10/09","31.21","",""
"남양주시(부평교)","2021/10/08","32","",""
"남양주시(부평교)","2021/10/07","32","",""
"남양주시(부평교)","2021/10/06","32","",""
"남양주시(부평교)","2021/10/05","45","",""
"남양주시(부평교)","2021/10/04","30.75","",""
"남양주시(부평교)","2021/10/03","28.08","",""
"남양주시(부평교)","2021/10/02","29","",""
"남양주시(부평교)","2021/10/01","29","",""
"남양주시(부평교)","2021/09/30","31","",""
"남양주시(부평교)","2021/09/29","29","",""
"남양주시(부평교)","2021/09/28","29","",""
"남양주시(부평교)","2021/09/27","30","",""
"남양주시(부평교)","2021/09/26","30","",""
"남양주시(부평교)","2021/09/25","30.96","",""
"남양주시(부평교)","2021/09/24","33","",""
"남양주시(부평교)","2021/09/23","36","",""
"남양주시(부평교)","2021/09/22","45.83","",""
"남양주시(부평교)","2021/09/21","44.04","",""
"남양주시(부평교)","2021/09/20","27","",""
"남양주시(부평교)","2021/09/19","27","",""
"남양주시(부평교)","2021/09/18","27","",""
"남양주시(부평교)","2021/09/17","27","",""
"남양주시(부평교)","2021/09/16","28","",""
"남양주시(부평교)","2021/09/15","28","",""
"남양주시(부평교)","2021/09/14","29","",""
"남양주시(부평교)","2021/09/13","29","",""
"남양주시(부평교)","2021/09/12","29.83","",""
"남양주시(부평교)","2021/09/11","30.13","",""
"남양주시(부평교)","2021/09/10","32","",""
"남양주시(부평교)","2021/09/09","33","",""
"남양주시(부평교)","2021/09/08","37","",""
"남양주시(부평교)","2021/09/07","31","",""
"남양주시(부평교)","2021/09/06","29","",""
"남양주시(부평교)","2021/09/05","29.79","",""
"남양주시(부평교)","2021/09/04","30.38","",""
"남양주시(부평교)","2021/09/03","33","",""
"남양주시(부평교)","2021/09/02","36","",""
"남양주시(부평교)","2021/09/01","60","",""
"남양주시(부평교)","2021/08/31","28","",""
"남양주시(부평교)","2021/08/30","28","",""
"남양주시(부평교)","2021/08/29","29","",""
"남양주시(부평교)","2021/08/28","29","",""
"남양주시(부평교)","2021/08/27","30","",""
"남양주시(부평교)","2021/08/26","31","",""
"남양주시(부평교)","2021/08/25","34","",""
"남양주시(부평교)","2021/08/24","30","",""
"남양주시(부평교)","2021/08/23","32","",""
"남양주시(부평교)","2021/08/22","34.75","",""
"남양주시(부평교)","2021/08/21","43.25","",""
"남양주시(부평교)","2021/08/20","26.08","",""
"남양주시(부평교)","2021/08/19","26","",""
"남양주시(부평교)","2021/08/18","25","",""
"남양주시(부평교)","2021/08/17","26","",""
"남양주시(부평교)","2021/08/16","26","",""
"남양주시(부평교)","2021/08/15","26","",""
"남양주시(부평교)","2021/08/14","26.58","",""
"남양주시(부평교)","2021/08/13","27","",""
"남양주시(부평교)","2021/08/12","26","",""
"남양주시(부평교)","2021/08/11","27","",""
"남양주시(부평교)","2021/08/10","27","",""
"남양주시(부평교)","2021/08/09","27","",""
"남양주시(부평교)","2021/08/08","27","",""
"남양주시(부평교)","2021/08/07","27","",""
"남양주시(부평교)","2021/08/06","28","",""
"남양주시(부평교)","2021/08/05","29","",""
"남양주시(부평교)","2021/08/04","30.58","",""
"남양주시(부평교)","2021/08/03","31.58","",""
"남양주시(부평교)","2021/08/02","28","",""
"남양주시(부평교)","2021/08/01","28.42","",""
"남양주시(부평교)","2021/07/31","35.67","",""
"남양주시(부평교)","2021/07/30","27","",""
"남양주시(부평교)","2021/07/29","27","",""
"남양주시(부평교)","2021/07/28","27","",""
"남양주시(부평교)","2021/07/27","27","",""
"남양주시(부평교)","2021/07/26","27","",""
"남양주시(부평교)","2021/07/25","27.63","",""
"남양주시(부평교)","2021/07/24","28","",""
"남양주시(부평교)","2021/07/23","28","",""
"남양주시(부평교)","2021/07/22","29","",""
"남양주시(부평교)","2021/07/21","29","",""
"남양주시(부평교)","2021/07/20","30","",""
"남양주시(부평교)","2021/07/19","30.38","",""
"남양주시(부평교)","2021/07/18","31","",""
"남양주시(부평교)","2021/07/17","32.25","",""
"남양주시(부평교)","2021/07/16","41","",""
"남양주시(부평교)","2021/07/15","31","",""
"남양주시(부평교)","2021/07/14","32","",""
"남양주시(부평교)","2021/07/13","34","",""
"남양주시(부평교)","2021/07/12","38","",""
"남양주시(부평교)","2021/07/11","41.25","",""
"남양주시(부평교)","2021/07/10","34","",""
"남양주시(부평교)","2021/07/09","39","",""
"남양주시(부평교)","2021/07/08","32","",""
"남양주시(부평교)","2021/07/07","34","",""
"남양주시(부평교)","2021/07/06","37","",""
"남양주시(부평교)","2021/07/05","39.54","",""
"남양주시(부평교)","2021/07/04","52.75","",""
"남양주시(부평교)","2021/07/03","33.38","",""
"남양주시(부평교)","2021/07/02","28","",""
"남양주시(부평교)","2021/07/01","29","",""
"남양주시(부평교)","2021/06/30","29.29","",""
"남양주시(부평교)","2021/06/29","29","",""
"남양주시(부평교)","2021/06/28","28","",""
"남양주시(부평교)","2021/06/27","28","",""
"남양주시(부평교)","2021/06/26","28","",""
"남양주시(부평교)","2021/06/25","28","",""
"남양주시(부평교)","2021/06/24","29","",""
"남양주시(부평교)","2021/06/23","33","",""
"남양주시(부평교)","2021/06/22","28","",""
"남양주시(부평교)","2021/06/21","29","",""
"남양주시(부평교)","2021/06/20","29","",""
"남양주시(부평교)","2021/06/19","29","",""
"남양주시(부평교)","2021/06/18","29","",""
"남양주시(부평교)","2021/06/17","29","",""
"남양주시(부평교)","2021/06/16","30.04","",""
"남양주시(부평교)","2021/06/15","30","",""
"남양주시(부평교)","2021/06/14","30","",""
"남양주시(부평교)","2021/06/13","30.67","",""
"남양주시(부평교)","2021/06/12","31.67","",""
"남양주시(부평교)","2021/06/11","37","",""
"남양주시(부평교)","2021/06/10","31","",""
"남양주시(부평교)","2021/06/09","32","",""
"남양주시(부평교)","2021/06/08","32","",""
"남양주시(부평교)","2021/06/07","33","",""
"남양주시(부평교)","2021/06/06","33.58","",""
"남양주시(부평교)","2021/06/05","34.88","",""
"남양주시(부평교)","2021/06/04","45","",""
"남양주시(부평교)","2021/06/03","35","",""
"남양주시(부평교)","2021/06/02","36","",""
"남양주시(부평교)","2021/06/01","37","",""
"남양주시(부평교)","2021/05/31","45","",""
"남양주시(부평교)","2021/05/30","34.21","",""
"남양주시(부평교)","2021/05/29","35.63","",""
"남양주시(부평교)","2021/05/28","32","",""
"남양주시(부평교)","2021/05/27","31","",""
"남양주시(부평교)","2021/05/26","32.17","",""
"남양주시(부평교)","2021/05/25","31","",""
"남양주시(부평교)","2021/05/24","31.71","",""
"남양주시(부평교)","2021/05/23","32.54","",""
"남양주시(부평교)","2021/05/22","34.25","",""
"남양주시(부평교)","2021/05/21","36.42","",""
"남양주시(부평교)","2021/05/20","39","",""
"남양주시(부평교)","2021/05/19","42.33","",""
"남양주시(부평교)","2021/05/18","55","",""
"남양주시(부평교)","2021/05/17","73","",""
"남양주시(부평교)","2021/05/16","58.29","",""
"남양주시(부평교)","2021/05/15","28.42","",""
"남양주시(부평교)","2021/05/14","28","",""
"남양주시(부평교)","2021/05/13","28","",""
"남양주시(부평교)","2021/05/12","29","",""
"남양주시(부평교)","2021/05/11","29","",""
"남양주시(부평교)","2021/05/10","29","",""
"남양주시(부평교)","2021/05/09","29.63","",""
"남양주시(부평교)","2021/05/08","31.17","",""
"남양주시(부평교)","2021/05/07","31","",""
"남양주시(부평교)","2021/05/06","32","",""
"남양주시(부평교)","2021/05/05","35.17","",""
"남양주시(부평교)","2021/05/04","30","",""
"남양주시(부평교)","2021/05/03","30","",""
"남양주시(부평교)","2021/05/02","30.96","",""
"남양주시(부평교)","2021/05/01","30.79","",""
"남양주시(부평교)","2021/04/30","27","",""
"남양주시(부평교)","2021/04/29","27","",""
"남양주시(부평교)","2021/04/28","27","",""
"남양주시(부평교)","2021/04/27","27","",""
"남양주시(부평교)","2021/04/26","28","",""
"남양주시(부평교)","2021/04/25","28","",""
"남양주시(부평교)","2021/04/24","28","",""
"남양주시(부평교)","2021/04/23","28.46","",""
"남양주시(부평교)","2021/04/22","29","",""
"남양주시(부평교)","2021/04/21","30","",""
"남양주시(부평교)","2021/04/20","30","",""
"남양주시(부평교)","2021/04/19","30.67","",""
"남양주시(부평교)","2021/04/18","31","",""
"남양주시(부평교)","2021/04/17","31.63","",""
"남양주시(부평교)","2021/04/16","32.96","",""
"남양주시(부평교)","2021/04/15","33.58","",""
"남양주시(부평교)","2021/04/14","34.88","",""
"남양주시(부평교)","2021/04/13","48","",""
"남양주시(부평교)","2021/04/12","30","",""
"남양주시(부평교)","2021/04/11","30.54","",""
"남양주시(부평교)","2021/04/10","31.25","",""
"남양주시(부평교)","2021/04/09","33","",""
"남양주시(부평교)","2021/04/08","33.42","",""
"남양주시(부평교)","2021/04/07","35.13","",""
"남양주시(부평교)","2021/04/06","38.63","",""
"남양주시(부평교)","2021/04/05","48","",""
"남양주시(부평교)","2021/04/04","54.83","",""
"남양주시(부평교)","2021/04/03","44.42","",""
"남양주시(부평교)","2021/04/02","29","",""
"남양주시(부평교)","2021/04/01","30","",""
"남양주시(부평교)","2021/03/31","30","",""
"남양주시(부평교)","2021/03/30","30.5","",""
"남양주시(부평교)","2021/03/29","31.88","",""
"남양주시(부평교)","2021/03/28","35.42","",""
"남양주시(부평교)","2021/03/27","27.58","",""
"남양주시(부평교)","2021/03/26","26","",""
"남양주시(부평교)","2021/03/25","26","",""
"남양주시(부평교)","2021/03/22","26","",""
"남양주시(부평교)","2021/03/21","26.58","",""
"남양주시(부평교)","2021/03/20","27","",""
"남양주시(부평교)","2021/03/19","27","",""
"남양주시(부평교)","2021/03/18","27","",""
"남양주시(부평교)","2021/03/17","27","",""
"남양주시(부평교)","2021/03/16","27","",""
"남양주시(부평교)","2021/03/15","27.71","",""
"남양주시(부평교)","2021/03/10","28","",""
"남양주시(부평교)","2021/03/09","28.58","",""
"남양주시(부평교)","2021/03/08","29","",""
"남양주시(부평교)","2021/03/06","30","",""
"남양주시(부평교)","2021/03/05","30","",""
"남양주시(부평교)","2021/03/04","30.58","",""
"남양주시(부평교)","2021/03/03","31.63","",""
"남양주시(부평교)","2021/03/02","36.96","",""
"남양주시(부평교)","2021/03/01","43","",""
"남양주시(부평교)","2021/02/28","25","",""
"남양주시(부평교)","2021/02/27","25","",""
"남양주시(부평교)","2021/02/26","25","",""
"남양주시(부평교)","2021/02/25","25","",""
"남양주시(부평교)","2021/02/24","25","",""
"남양주시(부평교)","2021/02/23","25","",""
"남양주시(부평교)","2021/02/22","25","",""
"남양주시(부평교)","2021/02/21","25","",""
"남양주시(부평교)","2021/02/20","25","",""
"남양주시(부평교)","2021/02/19","25","",""
"남양주시(부평교)","2021/02/18","25","",""
"남양주시(부평교)","2021/02/17","25","",""
"남양주시(부평교)","2021/02/16","25","",""
"남양주시(부평교)","2021/02/15","25","",""
"남양주시(부평교)","2021/02/14","25","",""
"남양주시(부평교)","2021/02/13","25","",""
"남양주시(부평교)","2021/02/12","25","",""
"남양주시(부평교)","2021/02/11","25","",""
"남양주시(부평교)","2021/02/10","25","",""
"남양주시(부평교)","2021/02/09","25","",""
"남양주시(부평교)","2021/02/08","25","",""
"남양주시(부평교)","2021/02/07","25.5","",""
"남양주시(부평교)","2021/02/06","25","",""
"남양주시(부평교)","2021/02/05","25","",""
"남양주시(부평교)","2021/02/04","25","",""
"남양주시(부평교)","2021/02/03","25","",""
"남양주시(부평교)","2021/02/02","25","",""
"남양주시(부평교)","2021/02/01","25","",""
"남양주시(부평교)","2021/01/31","25","",""
"남양주시(부평교)","2021/01/30","25","",""
"남양주시(부평교)","2021/01/29","25","",""
"남양주시(부평교)","2021/01/28","25","",""
"남양주시(부평교)","2021/01/27","25","",""
"남양주시(부평교)","2021/01/26","25","",""
"남양주시(부평교)","2021/01/25","25","",""
"남양주시(부평교)","2021/01/24","25","",""
"남양주시(부평교)","2021/01/23","25","",""
"남양주시(부평교)","2021/01/22","24.71","",""
"남양주시(부평교)","2021/01/21","24","",""
"남양주시(부평교)","2021/01/20","24","",""
"남양주시(부평교)","2021/01/19","24","",""
"남양주시(부평교)","2021/01/18","24","",""
"남양주시(부평교)","2021/01/17","24","",""
"남양주시(부평교)","2021/01/16","24","",""
"남양주시(부평교)","2021/01/15","24","",""
"남양주시(부평교)","2021/01/14","24","",""
"남양주시(부평교)","2021/01/13","24","",""
"남양주시(부평교)","2021/01/12","24","",""
"남양주시(부평교)","2021/01/11","24","",""
"남양주시(부평교)","2021/01/10","24","",""
"남양주시(부평교)","2021/01/09","24","",""
"남양주시(부평교)","2021/01/08","24","",""
"남양주시(부평교)","2021/01/07","24","",""
"남양주시(부평교)","2021/01/06","24","",""
"남양주시(부평교)","2021/01/05","24","",""
"남양주시(부평교)","2021/01/04","24.21","",""
"남양주시(부평교)","2021/01/03","25","",""
"남양주시(부평교)","2021/01/02","25","",""
"남양주시(부평교)","2021/01/01","25","",""
"김포시(전류리)","2021/12/31","-57","",""
"김포시(전류리)","2021/12/30","35","",""
"김포시(전류리)","2021/12/29","189","",""
"김포시(전류리)","2021/12/28","238","",""
"김포시(전류리)","2021/12/27","216","",""
"김포시(전류리)","2021/12/26","75","",""
"김포시(전류리)","2021/12/25","58.29","",""
"김포시(전류리)","2021/12/24","187","",""
"김포시(전류리)","2021/12/23","167","",""
"김포시(전류리)","2021/12/22","141","",""
"김포시(전류리)","2021/12/21","127","",""
"김포시(전류리)","2021/12/20","138.54","",""
"김포시(전류리)","2021/12/19","74","",""
"김포시(전류리)","2021/12/18","94.92","",""
"김포시(전류리)","2021/12/17","8","",""
"김포시(전류리)","2021/12/16","-28","",""
"김포시(전류리)","2021/12/15","-29","",""
"김포시(전류리)","2021/12/14","51","",""
"김포시(전류리)","2021/12/13","120","",""
"김포시(전류리)","2021/12/12","68.75","",""
"김포시(전류리)","2021/12/11","85.79","",""
"김포시(전류리)","2021/12/10","271","",""
"김포시(전류리)","2021/12/09","230","",""
"김포시(전류리)","2021/12/08","146.08","",""
"김포시(전류리)","2021/12/07","188","",""
"김포시(전류리)","2021/12/06","175.29","",""
"김포시(전류리)","2021/12/05","174.71","",""
"김포시(전류리)","2021/12/04","156.13","",""
"김포시(전류리)","2021/12/03","42","",""
"김포시(전류리)","2021/12/02","-28","",""
"김포시(전류리)","2021/12/01","-46","",""
"김포시(전류리)","2021/11/30","90","",""
"김포시(전류리)","2021/11/29","196","",""
"김포시(전류리)","2021/11/28","59.79","",""
"김포시(전류리)","2021/11/27","66","",""
"김포시(전류리)","2021/11/25","194","",""
"김포시(전류리)","2021/11/24","159","",""
"김포시(전류리)","2021/11/23","129","",""
"김포시(전류리)","2021/11/22","151","",""
"김포시(전류리)","2021/11/21","149.21","",""
"김포시(전류리)","2021/11/20","143.92","",""
"김포시(전류리)","2021/11/19","71","",""
"김포시(전류리)","2021/11/18","37","",""
"김포시(전류리)","2021/11/17","8","",""
"김포시(전류리)","2021/11/16","-29","",""
"김포시(전류리)","2021/11/15","-36","",""
"김포시(전류리)","2021/11/14","93.63","",""
"김포시(전류리)","2021/11/13","69.83","",""
"김포시(전류리)","2021/11/12","271","",""
"김포시(전류리)","2021/11/11","96.46","",""
"김포시(전류리)","2021/11/10","119.92","",""
"김포시(전류리)","2021/11/09","150","",""
"김포시(전류리)","2021/11/08","187.25","",""
"김포시(전류리)","2021/11/07","196.67","",""
"김포시(전류리)","2021/11/06","199.25","",""
"김포시(전류리)","2021/11/05","190.79","",""
"김포시(전류리)","2021/11/04","174.42","",""
"김포시(전류리)","2021/11/03","3","",""
"김포시(전류리)","2021/11/02","122.75","",""
"김포시(전류리)","2021/11/01","103.13","",""
"김포시(전류리)","2021/10/31","75.71","",""
"김포시(전류리)","2021/10/30","61.21","",""
"김포시(전류리)","2021/10/29","71.38","",""
"김포시(전류리)","2021/10/28","78","",""
"김포시(전류리)","2021/10/27","102.29","",""
"김포시(전류리)","2021/10/26","123.92","",""
"김포시(전류리)","2021/10/25","139.25","",""
"김포시(전류리)","2021/10/24","151.92","",""
"김포시(전류리)","2021/10/23","159.17","",""
"김포시(전류리)","2021/10/22","161.67","",""
"김포시(전류리)","2021/10/21","169.58","",""
"김포시(전류리)","2021/10/20","155.58","",""
"김포시(전류리)","2021/10/19","160.04","",""
"김포시(전류리)","2021/10/18","147.5","",""
"김포시(전류리)","2021/10/17","93.79","",""
"김포시(전류리)","2021/10/16","101.83","",""
"김포시(전류리)","2021/10/15","85.96","",""
"김포시(전류리)","2021/10/14","96.79","",""
"김포시(전류리)","2021/10/13","131.46","",""
"김포시(전류리)","2021/10/12","158.38","",""
"김포시(전류리)","2021/10/11","168.88","",""
"김포시(전류리)","2021/10/10","202.42","",""
"김포시(전류리)","2021/10/09","217.13","",""
"김포시(전류리)","2021/10/08","218.33","",""
"김포시(전류리)","2021/10/07","217.21","",""
"김포시(전류리)","2021/10/06","200.54","",""
"김포시(전류리)","2021/10/05","42","",""
"김포시(전류리)","2021/10/04","163.96","",""
"김포시(전류리)","2021/10/03","131.79","",""
"김포시(전류리)","2021/10/02","104.67","",""
"김포시(전류리)","2021/10/01","188","",""
"김포시(전류리)","2021/09/30","236","",""
"김포시(전류리)","2021/09/29","235","",""
"김포시(전류리)","2021/09/28","228","",""
"김포시(전류리)","2021/09/27","219","",""
"김포시(전류리)","2021/09/26","159.33","",""
"김포시(전류리)","2021/09/25","177.63","",""
"김포시(전류리)","2021/09/24","177","",""
"김포시(전류리)","2021/09/23","164","",""
"김포시(전류리)","2021/09/22","217.75","",""
"김포시(전류리)","2021/09/21","213.38","",""
"김포시(전류리)","2021/09/20","183.67","",""
"김포시(전류리)","2021/09/19","163.08","",""
"김포시(전류리)","2021/09/18","144.88","",""
"김포시(전류리)","2021/09/17","61","",""
"김포시(전류리)","2021/09/16","221","",""
"김포시(전류리)","2021/09/15","306","",""
"김포시(전류리)","2021/09/14","320","",""
"김포시(전류리)","2021/09/13","164","",""
"김포시(전류리)","2021/09/12","180.33","",""
"김포시(전류리)","2021/09/11","195.88","",""
"김포시(전류리)","2021/09/10","191","",""
"김포시(전류리)","2021/09/09","159","",""
"김포시(전류리)","2021/09/08","120","",""
"김포시(전류리)","2021/09/07","89","",""
"김포시(전류리)","2021/09/06","51","",""
"김포시(전류리)","2021/09/05","159.33","",""
"김포시(전류리)","2021/09/04","140.71","",""
"김포시(전류리)","2021/09/03","91","",""
"김포시(전류리)","2021/09/02","199","",""
"김포시(전류리)","2021/09/01","262","",""
"김포시(전류리)","2021/08/31","253","",""
"김포시(전류리)","2021/08/30","241","",""
"김포시(전류리)","2021/08/29","134.63","",""
"김포시(전류리)","2021/08/28","151.46","",""
"김포시(전류리)","2021/08/27","211","",""
"김포시(전류리)","2021/08/26","191","",""
"김포시(전류리)","2021/08/25","166","",""
"김포시(전류리)","2021/08/24","141","",""
"김포시(전류리)","2021/08/23","95","",""
"김포시(전류리)","2021/08/22","189.5","",""
"김포시(전류리)","2021/08/21","184.67","",""
"김포시(전류리)","2021/08/20","147.29","",""
"김포시(전류리)","2021/08/19","124","",""
"김포시(전류리)","2021/08/18","180","",""
"김포시(전류리)","2021/08/17","291","",""
"김포시(전류리)","2021/08/16","129.92","",""
"김포시(전류리)","2021/08/15","147.58","",""
"김포시(전류리)","2021/08/14","168.71","",""
"김포시(전류리)","2021/08/13","207","",""
"김포시(전류리)","2021/08/12","183","",""
"김포시(전류리)","2021/08/11","147","",""
"김포시(전류리)","2021/08/10","111","",""
"김포시(전류리)","2021/08/09","73","",""
"김포시(전류리)","2021/08/08","161.54","",""
"김포시(전류리)","2021/08/07","148.08","",""
"김포시(전류리)","2021/08/06","-23","",""
"김포시(전류리)","2021/08/05","-38","",""
"김포시(전류리)","2021/08/04","104.88","",""
"김포시(전류리)","2021/08/03","98.96","",""
"김포시(전류리)","2021/08/02","260","",""
"김포시(전류리)","2021/08/01","123.46","",""
"김포시(전류리)","2021/07/31","136.13","",""
"김포시(전류리)","2021/07/30","242","",""
"김포시(전류리)","2021/07/29","222","",""
"김포시(전류리)","2021/07/28","201","",""
"김포시(전류리)","2021/07/27","180","",""
"김포시(전류리)","2021/07/26","147","",""
"김포시(전류리)","2021/07/25","205.71","",""
"김포시(전류리)","2021/07/24","189.25","",""
"김포시(전류리)","2021/07/23","21","",""
"김포시(전류리)","2021/07/22","-19","",""
"김포시(전류리)","2021/07/21","7","",""
"김포시(전류리)","2021/07/20","132","",""
"김포시(전류리)","2021/07/19","123.92","",""
"김포시(전류리)","2021/07/18","128","",""
"김포시(전류리)","2021/07/17","143.04","",""
"김포시(전류리)","2021/07/16","216","",""
"김포시(전류리)","2021/07/15","186","",""
"김포시(전류리)","2021/07/14","158","",""
"김포시(전류리)","2021/07/13","142","",""
"김포시(전류리)","2021/07/12","108","",""
"김포시(전류리)","2021/07/11","180.33","",""
"김포시(전류리)","2021/07/10","177.63","",""
"김포시(전류리)","2021/07/09","62","",""
"김포시(전류리)","2021/07/08","11","",""
"김포시(전류리)","2021/07/07","-3","",""
"김포시(전류리)","2021/07/06","14","",""
"김포시(전류리)","2021/07/05","140.5","",""
"김포시(전류리)","2021/07/04","146.67","",""
"김포시(전류리)","2021/07/03","114.71","",""
"김포시(전류리)","2021/07/02","117.42","",""
"김포시(전류리)","2021/07/01","239","",""
"김포시(전류리)","2021/06/30","156.54","",""
"김포시(전류리)","2021/06/29","186","",""
"김포시(전류리)","2021/06/28","163","",""
"김포시(전류리)","2021/06/27","191.58","",""
"김포시(전류리)","2021/06/26","193.38","",""
"김포시(전류리)","2021/06/25","190","",""
"김포시(전류리)","2021/06/24","48","",""
"김포시(전류리)","2021/06/23","22","",""
"김포시(전류리)","2021/06/22","-6","",""
"김포시(전류리)","2021/06/21","75","",""
"김포시(전류리)","2021/06/20","131.75","",""
"김포시(전류리)","2021/06/19","119.63","",""
"김포시(전류리)","2021/06/18","120.54","",""
"김포시(전류리)","2021/06/17","205","",""
"김포시(전류리)","2021/06/16","142.5","",""
"김포시(전류리)","2021/06/15","148","",""
"김포시(전류리)","2021/06/14","124","",""
"김포시(전류리)","2021/06/13","156","",""
"김포시(전류리)","2021/06/12","155.67","",""
"김포시(전류리)","2021/06/11","73","",""
"김포시(전류리)","2021/06/10","155.5","",""
"김포시(전류리)","2021/06/09","36","",""
"김포시(전류리)","2021/06/08","9","",""
"김포시(전류리)","2021/06/07","-2","",""
"김포시(전류리)","2021/06/06","127.83","",""
"김포시(전류리)","2021/06/05","124.08","",""
"김포시(전류리)","2021/06/04","142","",""
"김포시(전류리)","2021/06/03","218","",""
"김포시(전류리)","2021/06/02","227","",""
"김포시(전류리)","2021/06/01","206","",""
"김포시(전류리)","2021/05/31","197","",""
"김포시(전류리)","2021/05/30","185.83","",""
"김포시(전류리)","2021/05/29","198.13","",""
"김포시(전류리)","2021/05/28","122","",""
"김포시(전류리)","2021/05/27","103","",""
"김포시(전류리)","2021/05/26","191.92","",""
"김포시(전류리)","2021/05/25","37","",""
"김포시(전류리)","2021/05/24","153.75","",""
"김포시(전류리)","2021/05/23","138.13","",""
"김포시(전류리)","2021/05/22","119.63","",""
"김포시(전류리)","2021/05/21","95.92","",""
"김포시(전류리)","2021/05/20","185","",""
"김포시(전류리)","2021/05/19","117.96","",""
"김포시(전류리)","2021/05/18","186","",""
"김포시(전류리)","2021/05/17","166","",""
"김포시(전류리)","2021/05/16","163.04","",""
"김포시(전류리)","2021/05/15","157.67","",""
"김포시(전류리)","2021/05/14","157.08","",""
"김포시(전류리)","2021/05/13","99","",""
"김포시(전류리)","2021/05/12","81","",""
"김포시(전류리)","2021/05/11","65","",""
"김포시(전류리)","2021/05/10","45","",""
"김포시(전류리)","2021/05/09","141.92","",""
"김포시(전류리)","2021/05/08","126.79","",""
"김포시(전류리)","2021/05/07","-6","",""
"김포시(전류리)","2021/05/06","77","",""
"김포시(전류리)","2021/05/05","96.04","",""
"김포시(전류리)","2021/05/04","206","",""
"김포시(전류리)","2021/05/03","201","",""
"김포시(전류리)","2021/05/02","148.46","",""
"김포시(전류리)","2021/05/01","184.63","",""
"김포시(전류리)","2021/04/30","167","",""
"김포시(전류리)","2021/04/29","143","",""
"김포시(전류리)","2021/04/28","122","",""
"김포시(전류리)","2021/04/27","96","",""
"김포시(전류리)","2021/04/26","58","",""
"김포시(전류리)","2021/04/25","140.46","",""
"김포시(전류리)","2021/04/24","127.58","",""
"김포시(전류리)","2021/04/23","98.88","",""
"김포시(전류리)","2021/04/22","93","",""
"김포시(전류리)","2021/04/21","136","",""
"김포시(전류리)","2021/04/20","152","",""
"김포시(전류리)","2021/04/19","106.83","",""
"김포시(전류리)","2021/04/18","120.88","",""
"김포시(전류리)","2021/04/17","141.29","",""
"김포시(전류리)","2021/04/16","162.17","",""
"김포시(전류리)","2021/04/15","172.04","",""
"김포시(전류리)","2021/04/14","167.83","",""
"김포시(전류리)","2021/04/13","130","",""
"김포시(전류리)","2021/04/12","110","",""
"김포시(전류리)","2021/04/11","165.38","",""
"김포시(전류리)","2021/04/10","162.58","",""
"김포시(전류리)","2021/04/09","59","",""
"김포시(전류리)","2021/04/08","138.54","",""
"김포시(전류리)","2021/04/07","119.04","",""
"김포시(전류리)","2021/04/06","127.54","",""
"김포시(전류리)","2021/04/05","221","",""
"김포시(전류리)","2021/04/04","144.08","",""
"김포시(전류리)","2021/04/03","180.25","",""
"김포시(전류리)","2021/04/02","211.5","",""
"김포시(전류리)","2021/04/01","218","",""
"김포시(전류리)","2021/03/31","227.08","",""
"김포시(전류리)","2021/03/30","226.42","",""
"김포시(전류리)","2021/03/29","213.88","",""
"김포시(전류리)","2021/03/28","199.04","",""
"김포시(전류리)","2021/03/27","171.17","",""
"김포시(전류리)","2021/03/26","30","",""
"김포시(전류리)","2021/03/25","106.42","",""
"김포시(전류리)","2021/03/22","132","",""
"김포시(전류리)","2021/03/21","103.46","",""
"김포시(전류리)","2021/03/20","143.17","",""
"김포시(전류리)","2021/03/19","160.79","",""
"김포시(전류리)","2021/03/18","172.08","",""
"김포시(전류리)","2021/03/17","170.88","",""
"김포시(전류리)","2021/03/16","184.13","",""
"김포시(전류리)","2021/03/15","191.46","",""
"김포시(전류리)","2021/03/10","33","",""
"김포시(전류리)","2021/03/09","109.46","",""
"김포시(전류리)","2021/03/08","91.58","",""
"김포시(전류리)","2021/03/06","275","",""
"김포시(전류리)","2021/03/05","164.92","",""
"김포시(전류리)","2021/03/04","197.75","",""
"김포시(전류리)","2021/03/03","226.08","",""
"김포시(전류리)","2021/03/02","212.88","",""
"김포시(전류리)","2021/03/01","211.75","",""
"김포시(전류리)","2021/02/28","210.63","",""
"김포시(전류리)","2021/02/27","203.21","",""
"김포시(전류리)","2021/02/26","163.13","",""
"김포시(전류리)","2021/02/25","133.08","",""
"김포시(전류리)","2021/02/24","101.88","",""
"김포시(전류리)","2021/02/23","62.04","",""
"김포시(전류리)","2021/02/22","75.67","",""
"김포시(전류리)","2021/02/21","82.67","",""
"김포시(전류리)","2021/02/20","100.13","",""
"김포시(전류리)","2021/02/19","124.96","",""
"김포시(전류리)","2021/02/18","110.33","",""
"김포시(전류리)","2021/02/17","138.13","",""
"김포시(전류리)","2021/02/16","164.38","",""
"김포시(전류리)","2021/02/15","197.47","",""
"김포시(전류리)","2021/02/14","191","",""
"김포시(전류리)","2021/02/13","189.96","",""
"김포시(전류리)","2021/02/12","187.88","",""
"김포시(전류리)","2021/02/11","167","",""
"김포시(전류리)","2021/02/10","155.83","",""
"김포시(전류리)","2021/02/09","125.21","",""
"김포시(전류리)","2021/02/08","102.5","",""
"김포시(전류리)","2021/02/07","114.04","",""
"김포시(전류리)","2021/02/06","127.29","",""
"김포시(전류리)","2021/02/05","140","",""
"김포시(전류리)","2021/02/04","148.38","",""
"김포시(전류리)","2021/02/03","170.46","",""
"김포시(전류리)","2021/02/02","170.46","",""
"김포시(전류리)","2021/02/01","197.67","",""
"김포시(전류리)","2021/01/31","199.5","",""
"김포시(전류리)","2021/01/30","196.42","",""
"김포시(전류리)","2021/01/29","145.83","",""
"김포시(전류리)","2021/01/28","161","",""
"김포시(전류리)","2021/01/27","135.96","",""
"김포시(전류리)","2021/01/26","126.88","",""
"김포시(전류리)","2021/01/25","153","",""
"김포시(전류리)","2021/01/24","116.67","",""
"김포시(전류리)","2021/01/23","87.17","",""
"김포시(전류리)","2021/01/22","83.21","",""
"김포시(전류리)","2021/01/21","155.88","",""
"김포시(전류리)","2021/01/20","208.04","",""
"김포시(전류리)","2021/01/19","163.71","",""
"김포시(전류리)","2021/01/18","150.96","",""
"김포시(전류리)","2021/01/17","171.46","",""
"김포시(전류리)","2021/01/16","193.71","",""
"김포시(전류리)","2021/01/15","218.21","",""
"김포시(전류리)","2021/01/14","222.42","",""
"김포시(전류리)","2021/01/13","218","",""
"김포시(전류리)","2021/01/12","194.29","",""
"김포시(전류리)","2021/01/11","197.38","",""
"김포시(전류리)","2021/01/10","178.83","",""
"김포시(전류리)","2021/01/09","176.38","",""
"김포시(전류리)","2021/01/08","184.67","",""
"김포시(전류리)","2021/01/07","154.79","",""
"김포시(전류리)","2021/01/06","130.04","",""
"김포시(전류리)","2021/01/05","138.29","",""
"김포시(전류리)","2021/01/04","161.67","",""
"김포시(전류리)","2021/01/03","165.96","",""
"김포시(전류리)","2021/01/02","169.96","",""
"김포시(전류리)","2021/01/01","175.58","",""
"포천시(은현교)","2021/12/31","63","",""
"포천시(은현교)","2021/12/30","63","",""
"포천시(은현교)","2021/12/29","64","",""
"포천시(은현교)","2021/12/28","64","",""
"포천시(은현교)","2021/12/27","64","",""
"포천시(은현교)","2021/12/26","64","",""
"포천시(은현교)","2021/12/25","64","",""
"포천시(은현교)","2021/12/24","64","",""
"포천시(은현교)","2021/12/23","64","",""
"포천시(은현교)","2021/12/22","64","",""
"포천시(은현교)","2021/12/21","64","",""
"포천시(은현교)","2021/12/20","64.54","",""
"포천시(은현교)","2021/12/19","64","",""
"포천시(은현교)","2021/12/18","64.33","",""
"포천시(은현교)","2021/12/17","64","",""
"포천시(은현교)","2021/12/16","64","",""
"포천시(은현교)","2021/12/15","65","",""
"포천시(은현교)","2021/12/14","65","",""
"포천시(은현교)","2021/12/13","64","",""
"포천시(은현교)","2021/12/12","63.63","",""
"포천시(은현교)","2021/12/11","64","",""
"포천시(은현교)","2021/12/10","64","",""
"포천시(은현교)","2021/12/09","65","",""
"포천시(은현교)","2021/12/08","64.54","",""
"포천시(은현교)","2021/12/07","65","",""
"포천시(은현교)","2021/12/06","65.04","",""
"포천시(은현교)","2021/12/05","65.54","",""
"포천시(은현교)","2021/12/04","66.04","",""
"포천시(은현교)","2021/12/03","67","",""
"포천시(은현교)","2021/12/02","67","",""
"포천시(은현교)","2021/12/01","76","",""
"포천시(은현교)","2021/11/30","64","",""
"포천시(은현교)","2021/11/29","64","",""
"포천시(은현교)","2021/11/28","64.21","",""
"포천시(은현교)","2021/11/27","64.42","",""
"포천시(은현교)","2021/11/25","65","",""
"포천시(은현교)","2021/11/24","65","",""
"포천시(은현교)","2021/11/23","64","",""
"포천시(은현교)","2021/11/22","63","",""
"포천시(은현교)","2021/11/21","63","",""
"포천시(은현교)","2021/11/20","63","",""
"포천시(은현교)","2021/11/19","63","",""
"포천시(은현교)","2021/11/18","63","",""
"포천시(은현교)","2021/11/17","63","",""
"포천시(은현교)","2021/11/16","63","",""
"포천시(은현교)","2021/11/15","64","",""
"포천시(은현교)","2021/11/14","64","",""
"포천시(은현교)","2021/11/13","64","",""
"포천시(은현교)","2021/11/12","64","",""
"포천시(은현교)","2021/11/11","64","",""
"포천시(은현교)","2021/11/10","64.54","",""
"포천시(은현교)","2021/11/09","67.04","",""
"포천시(은현교)","2021/11/08","73.04","",""
"포천시(은현교)","2021/11/07","63","",""
"포천시(은현교)","2021/11/06","63","",""
"포천시(은현교)","2021/11/05","63","",""
"포천시(은현교)","2021/11/04","63","",""
"포천시(은현교)","2021/11/03","63","",""
"포천시(은현교)","2021/11/02","63","",""
"포천시(은현교)","2021/11/01","63.88","",""
"포천시(은현교)","2021/10/31","64","",""
"포천시(은현교)","2021/10/30","64","",""
"포천시(은현교)","2021/10/29","64","",""
"포천시(은현교)","2021/10/28","64","",""
"포천시(은현교)","2021/10/27","64","",""
"포천시(은현교)","2021/10/26","64","",""
"포천시(은현교)","2021/10/25","64.79","",""
"포천시(은현교)","2021/10/24","65","",""
"포천시(은현교)","2021/10/23","65","",""
"포천시(은현교)","2021/10/22","65","",""
"포천시(은현교)","2021/10/21","65.67","",""
"포천시(은현교)","2021/10/20","66","",""
"포천시(은현교)","2021/10/19","66","",""
"포천시(은현교)","2021/10/18","66.63","",""
"포천시(은현교)","2021/10/17","67","",""
"포천시(은현교)","2021/10/16","67.54","",""
"포천시(은현교)","2021/10/15","68","",""
"포천시(은현교)","2021/10/14","69","",""
"포천시(은현교)","2021/10/13","70.42","",""
"포천시(은현교)","2021/10/12","72.46","",""
"포천시(은현교)","2021/10/11","77.54","",""
"포천시(은현교)","2021/10/10","74.83","",""
"포천시(은현교)","2021/10/09","69","",""
"포천시(은현교)","2021/10/08","70.08","",""
"포천시(은현교)","2021/10/07","72.21","",""
"포천시(은현교)","2021/10/06","75.21","",""
"포천시(은현교)","2021/10/05","141","",""
"포천시(은현교)","2021/10/04","69.96","",""
"포천시(은현교)","2021/10/03","64","",""
"포천시(은현교)","2021/10/02","64.75","",""
"포천시(은현교)","2021/10/01","65","",""
"포천시(은현교)","2021/09/30","70","",""
"포천시(은현교)","2021/09/29","65","",""
"포천시(은현교)","2021/09/28","65","",""
"포천시(은현교)","2021/09/27","66","",""
"포천시(은현교)","2021/09/26","66","",""
"포천시(은현교)","2021/09/25","66.46","",""
"포천시(은현교)","2021/09/24","69","",""
"포천시(은현교)","2021/09/23","72","",""
"포천시(은현교)","2021/09/22","84.42","",""
"포천시(은현교)","2021/09/21","81.25","",""
"포천시(은현교)","2021/09/20","63","",""
"포천시(은현교)","2021/09/19","63","",""
"포천시(은현교)","2021/09/18","63","",""
"포천시(은현교)","2021/09/17","64","",""
"포천시(은현교)","2021/09/16","64","",""
"포천시(은현교)","2021/09/15","64","",""
"포천시(은현교)","2021/09/14","64","",""
"포천시(은현교)","2021/09/13","65.13","",""
"포천시(은현교)","2021/09/12","66","",""
"포천시(은현교)","2021/09/11","66.42","",""
"포천시(은현교)","2021/09/10","68","",""
"포천시(은현교)","2021/09/09","71","",""
"포천시(은현교)","2021/09/08","80","",""
"포천시(은현교)","2021/09/07","65","",""
"포천시(은현교)","2021/09/06","65","",""
"포천시(은현교)","2021/09/05","65.54","",""
"포천시(은현교)","2021/09/04","66.38","",""
"포천시(은현교)","2021/09/03","69","",""
"포천시(은현교)","2021/09/02","73","",""
"포천시(은현교)","2021/09/01","105","",""
"포천시(은현교)","2021/08/31","64","",""
"포천시(은현교)","2021/08/30","65","",""
"포천시(은현교)","2021/08/29","65","",""
"포천시(은현교)","2021/08/28","65.54","",""
"포천시(은현교)","2021/08/27","70","",""
"포천시(은현교)","2021/08/26","69","",""
"포천시(은현교)","2021/08/25","79","",""
"포천시(은현교)","2021/08/24","67","",""
"포천시(은현교)","2021/08/23","69","",""
"포천시(은현교)","2021/08/22","76.88","",""
"포천시(은현교)","2021/08/21","91.08","",""
"포천시(은현교)","2021/08/20","61.5","",""
"포천시(은현교)","2021/08/19","61","",""
"포천시(은현교)","2021/08/18","61","",""
"포천시(은현교)","2021/08/17","62","",""
"포천시(은현교)","2021/08/16","62","",""
"포천시(은현교)","2021/08/15","62","",""
"포천시(은현교)","2021/08/14","62.63","",""
"포천시(은현교)","2021/08/13","62","",""
"포천시(은현교)","2021/08/12","63","",""
"포천시(은현교)","2021/08/11","63","",""
"포천시(은현교)","2021/08/10","64","",""
"포천시(은현교)","2021/08/09","64","",""
"포천시(은현교)","2021/08/08","64.13","",""
"포천시(은현교)","2021/08/07","67.46","",""
"포천시(은현교)","2021/08/06","64","",""
"포천시(은현교)","2021/08/05","65","",""
"포천시(은현교)","2021/08/04","68.25","",""
"포천시(은현교)","2021/08/03","65.88","",""
"포천시(은현교)","2021/08/02","72","",""
"포천시(은현교)","2021/08/01","66.17","",""
"포천시(은현교)","2021/07/31","68.71","",""
"포천시(은현교)","2021/07/30","63","",""
"포천시(은현교)","2021/07/29","63","",""
"포천시(은현교)","2021/07/28","64","",""
"포천시(은현교)","2021/07/27","64","",""
"포천시(은현교)","2021/07/26","65","",""
"포천시(은현교)","2021/07/25","65","",""
"포천시(은현교)","2021/07/24","65.96","",""
"포천시(은현교)","2021/07/23","67","",""
"포천시(은현교)","2021/07/22","68","",""
"포천시(은현교)","2021/07/21","69","",""
"포천시(은현교)","2021/07/20","73","",""
"포천시(은현교)","2021/07/19","71.42","",""
"포천시(은현교)","2021/07/18","74.54","",""
"포천시(은현교)","2021/07/17","86.71","",""
"포천시(은현교)","2021/07/16","124","",""
"포천시(은현교)","2021/07/15","68","",""
"포천시(은현교)","2021/07/14","69","",""
"포천시(은현교)","2021/07/13","70","",""
"포천시(은현교)","2021/07/12","74","",""
"포천시(은현교)","2021/07/11","72.83","",""
"포천시(은현교)","2021/07/10","77.13","",""
"포천시(은현교)","2021/07/09","87","",""
"포천시(은현교)","2021/07/08","71","",""
"포천시(은현교)","2021/07/07","74","",""
"포천시(은현교)","2021/07/06","77","",""
"포천시(은현교)","2021/07/05","80.58","",""
"포천시(은현교)","2021/07/04","104.83","",""
"포천시(은현교)","2021/07/03","69.33","",""
"포천시(은현교)","2021/07/02","66.42","",""
"포천시(은현교)","2021/07/01","74","",""
"포천시(은현교)","2021/06/30","70.92","",""
"포천시(은현교)","2021/06/29","74","",""
"포천시(은현교)","2021/06/28","66","",""
"포천시(은현교)","2021/06/27","66.13","",""
"포천시(은현교)","2021/06/26","65.29","",""
"포천시(은현교)","2021/06/25","65","",""
"포천시(은현교)","2021/06/24","68","",""
"포천시(은현교)","2021/06/23","68","",""
"포천시(은현교)","2021/06/22","68","",""
"포천시(은현교)","2021/06/21","67","",""
"포천시(은현교)","2021/06/20","67","",""
"포천시(은현교)","2021/06/19","67.13","",""
"포천시(은현교)","2021/06/18","66.96","",""
"포천시(은현교)","2021/06/17","67","",""
"포천시(은현교)","2021/06/16","67.83","",""
"포천시(은현교)","2021/06/15","66","",""
"포천시(은현교)","2021/06/14","67","",""
"포천시(은현교)","2021/06/13","67.46","",""
"포천시(은현교)","2021/06/12","68.96","",""
"포천시(은현교)","2021/06/11","68","",""
"포천시(은현교)","2021/06/10","68","",""
"포천시(은현교)","2021/06/09","70","",""
"포천시(은현교)","2021/06/08","70","",""
"포천시(은현교)","2021/06/07","71","",""
"포천시(은현교)","2021/06/06","71.71","",""
"포천시(은현교)","2021/06/05","73.67","",""
"포천시(은현교)","2021/06/04","91","",""
"포천시(은현교)","2021/06/03","74","",""
"포천시(은현교)","2021/06/02","77","",""
"포천시(은현교)","2021/06/01","79","",""
"포천시(은현교)","2021/05/31","76","",""
"포천시(은현교)","2021/05/30","77.42","",""
"포천시(은현교)","2021/05/29","83.25","",""
"포천시(은현교)","2021/05/28","73","",""
"포천시(은현교)","2021/05/27","70","",""
"포천시(은현교)","2021/05/26","72.17","",""
"포천시(은현교)","2021/05/25","68","",""
"포천시(은현교)","2021/05/24","72.79","",""
"포천시(은현교)","2021/05/23","69.83","",""
"포천시(은현교)","2021/05/22","71.75","",""
"포천시(은현교)","2021/05/21","74.71","",""
"포천시(은현교)","2021/05/20","76","",""
"포천시(은현교)","2021/05/19","78.92","",""
"포천시(은현교)","2021/05/18","92","",""
"포천시(은현교)","2021/05/17","149","",""
"포천시(은현교)","2021/05/16","122.04","",""
"포천시(은현교)","2021/05/15","63.88","",""
"포천시(은현교)","2021/05/14","63.54","",""
"포천시(은현교)","2021/05/13","64","",""
"포천시(은현교)","2021/05/12","64","",""
"포천시(은현교)","2021/05/11","64","",""
"포천시(은현교)","2021/05/10","65","",""
"포천시(은현교)","2021/05/09","65.54","",""
"포천시(은현교)","2021/05/08","67.42","",""
"포천시(은현교)","2021/05/07","67","",""
"포천시(은현교)","2021/05/06","70","",""
"포천시(은현교)","2021/05/05","76.71","",""
"포천시(은현교)","2021/05/04","64","",""
"포천시(은현교)","2021/05/03","65","",""
"포천시(은현교)","2021/05/02","68.46","",""
"포천시(은현교)","2021/05/01","66.83","",""
"포천시(은현교)","2021/04/30","61","",""
"포천시(은현교)","2021/04/29","62","",""
"포천시(은현교)","2021/04/28","61","",""
"포천시(은현교)","2021/04/27","59","",""
"포천시(은현교)","2021/04/26","63","",""
"포천시(은현교)","2021/04/25","63","",""
"포천시(은현교)","2021/04/24","63","",""
"포천시(은현교)","2021/04/23","63","",""
"포천시(은현교)","2021/04/22","65","",""
"포천시(은현교)","2021/04/21","65","",""
"포천시(은현교)","2021/04/20","65","",""
"포천시(은현교)","2021/04/19","65.67","",""
"포천시(은현교)","2021/04/18","66.42","",""
"포천시(은현교)","2021/04/17","66.38","",""
"포천시(은현교)","2021/04/16","65.46","",""
"포천시(은현교)","2021/04/15","69.25","",""
"포천시(은현교)","2021/04/14","71.42","",""
"포천시(은현교)","2021/04/13","78","",""
"포천시(은현교)","2021/04/12","65","",""
"포천시(은현교)","2021/04/11","65.79","",""
"포천시(은현교)","2021/04/10","66.5","",""
"포천시(은현교)","2021/04/09","68","",""
"포천시(은현교)","2021/04/08","68.54","",""
"포천시(은현교)","2021/04/07","71.08","",""
"포천시(은현교)","2021/04/06","74.58","",""
"포천시(은현교)","2021/04/05","83","",""
"포천시(은현교)","2021/04/04","94.54","",""
"포천시(은현교)","2021/04/03","81.5","",""
"포천시(은현교)","2021/04/02","64.79","",""
"포천시(은현교)","2021/04/01","66","",""
"포천시(은현교)","2021/03/31","66.38","",""
"포천시(은현교)","2021/03/30","67.5","",""
"포천시(은현교)","2021/03/29","68.96","",""
"포천시(은현교)","2021/03/28","77.63","",""
"포천시(은현교)","2021/03/27","62.92","",""
"포천시(은현교)","2021/03/26","63","",""
"포천시(은현교)","2021/03/25","63","",""
"포천시(은현교)","2021/03/22","63","",""
"포천시(은현교)","2021/03/21","63","",""
"포천시(은현교)","2021/03/20","63","",""
"포천시(은현교)","2021/03/19","63.67","",""
"포천시(은현교)","2021/03/18","64","",""
"포천시(은현교)","2021/03/17","64","",""
"포천시(은현교)","2021/03/16","64","",""
"포천시(은현교)","2021/03/15","64","",""
"포천시(은현교)","2021/03/10","66","",""
"포천시(은현교)","2021/03/09","66","",""
"포천시(은현교)","2021/03/08","66.21","",""
"포천시(은현교)","2021/03/06","67","",""
"포천시(은현교)","2021/03/05","67.92","",""
"포천시(은현교)","2021/03/04","68.69","",""
"포천시(은현교)","2021/03/03","107.17","",""
"포천시(은현교)","2021/03/02","108","",""
"포천시(은현교)","2021/03/01","108","",""
"포천시(은현교)","2021/02/28","108","",""
"포천시(은현교)","2021/02/27","108","",""
"포천시(은현교)","2021/02/26","108","",""
"포천시(은현교)","2021/02/25","108","",""
"포천시(은현교)","2021/02/24","108","",""
"포천시(은현교)","2021/02/23","108","",""
"포천시(은현교)","2021/02/22","108","",""
"포천시(은현교)","2021/02/21","108","",""
"포천시(은현교)","2021/02/20","108","",""
"포천시(은현교)","2021/02/19","108","",""
"포천시(은현교)","2021/02/18","108","",""
"포천시(은현교)","2021/02/17","108","",""
"포천시(은현교)","2021/02/16","108","",""
"포천시(은현교)","2021/02/15","108","",""
"포천시(은현교)","2021/02/14","108","",""
"포천시(은현교)","2021/02/13","108","",""
"포천시(은현교)","2021/02/12","108","",""
"포천시(은현교)","2021/02/11","108","",""
"포천시(은현교)","2021/02/10","108","",""
"포천시(은현교)","2021/02/09","108","",""
"포천시(은현교)","2021/02/08","108","",""
"포천시(은현교)","2021/02/07","108","",""
"포천시(은현교)","2021/02/06","108","",""
"포천시(은현교)","2021/02/05","108","",""
"포천시(은현교)","2021/02/04","108","",""
"포천시(은현교)","2021/02/03","108","",""
"포천시(은현교)","2021/02/02","108","",""
"포천시(은현교)","2021/02/01","108","",""
"포천시(은현교)","2021/01/31","108","",""
"포천시(은현교)","2021/01/30","108","",""
"포천시(은현교)","2021/01/29","108","",""
"포천시(은현교)","2021/01/28","108","",""
"포천시(은현교)","2021/01/27","108","",""
"포천시(은현교)","2021/01/26","108","",""
"포천시(은현교)","2021/01/25","108","",""
"포천시(은현교)","2021/01/24","108","",""
"포천시(은현교)","2021/01/23","108","",""
"포천시(은현교)","2021/01/22","108","",""
"포천시(은현교)","2021/01/21","108","",""
"포천시(은현교)","2021/01/20","108","",""
"포천시(은현교)","2021/01/19","108","",""
"포천시(은현교)","2021/01/18","108","",""
"포천시(은현교)","2021/01/17","108","",""
"포천시(은현교)","2021/01/16","108","",""
"포천시(은현교)","2021/01/15","108","",""
"포천시(은현교)","2021/01/14","108","",""
"포천시(은현교)","2021/01/13","108","",""
"포천시(은현교)","2021/01/12","108","",""
"포천시(은현교)","2021/01/11","108","",""
"포천시(은현교)","2021/01/10","108","",""
"포천시(은현교)","2021/01/09","108","",""
"포천시(은현교)","2021/01/08","108","",""
"포천시(은현교)","2021/01/07","108","",""
"포천시(은현교)","2021/01/06","108","",""
"포천시(은현교)","2021/01/05","108","",""
"포천시(은현교)","2021/01/04","108","",""
"포천시(은현교)","2021/01/03","108","",""
"포천시(은현교)","2021/01/02","108","",""
"포천시(은현교)","2021/01/01","108","",""
"광양시(용강교)","2021/12/31","24","",""
"광양시(용강교)","2021/12/30","24","",""
"광양시(용강교)","2021/12/29","24","",""
"광양시(용강교)","2021/12/28","24","",""
"광양시(용강교)","2021/12/27","24","",""
"광양시(용강교)","2021/12/26","23.67","",""
"광양시(용강교)","2021/12/25","24","",""
"광양시(용강교)","2021/12/24","24","",""
"광양시(용강교)","2021/12/23","24","",""
"광양시(용강교)","2021/12/22","24","",""
"광양시(용강교)","2021/12/21","25","",""
"광양시(용강교)","2021/12/20","24.63","",""
"광양시(용강교)","2021/12/19","25","",""
"광양시(용강교)","2021/12/18","24.75","",""
"광양시(용강교)","2021/12/17","25","",""
"광양시(용강교)","2021/12/16","25","",""
"광양시(용강교)","2021/12/15","25","",""
"광양시(용강교)","2021/12/14","25","",""
"광양시(용강교)","2021/12/13","25","",""
"광양시(용강교)","2021/12/12","25.21","",""
"광양시(용강교)","2021/12/11","25.79","",""
"광양시(용강교)","2021/12/10","26","",""
"광양시(용강교)","2021/12/09","26","",""
"광양시(용강교)","2021/12/08","26","",""
"광양시(용강교)","2021/12/07","26","",""
"광양시(용강교)","2021/12/06","26.33","",""
"광양시(용강교)","2021/12/05","26.71","",""
"광양시(용강교)","2021/12/04","27","",""
"광양시(용강교)","2021/12/03","27","",""
"광양시(용강교)","2021/12/02","31","",""
"광양시(용강교)","2021/12/01","30","",""
"광양시(용강교)","2021/11/30","25","",""
"광양시(용강교)","2021/11/29","25","",""
"광양시(용강교)","2021/11/28","26.08","",""
"광양시(용강교)","2021/11/27","22.58","",""
"광양시(용강교)","2021/11/25","23","",""
"광양시(용강교)","2021/11/24","24","",""
"광양시(용강교)","2021/11/23","23","",""
"광양시(용강교)","2021/11/22","24","",""
"광양시(용강교)","2021/11/21","24","",""
"광양시(용강교)","2021/11/20","24.17","",""
"광양시(용강교)","2021/11/19","25","",""
"광양시(용강교)","2021/11/18","25","",""
"광양시(용강교)","2021/11/17","26","",""
"광양시(용강교)","2021/11/16","26","",""
"광양시(용강교)","2021/11/15","27","",""
"광양시(용강교)","2021/11/14","26.25","",""
"광양시(용강교)","2021/11/13","26.88","",""
"광양시(용강교)","2021/11/12","28","",""
"광양시(용강교)","2021/11/11","28.17","",""
"광양시(용강교)","2021/11/10","28.25","",""
"광양시(용강교)","2021/11/09","31.63","",""
"광양시(용강교)","2021/11/08","30.67","",""
"광양시(용강교)","2021/11/07","22.96","",""
"광양시(용강교)","2021/11/06","23.38","",""
"광양시(용강교)","2021/11/05","23.42","",""
"광양시(용강교)","2021/11/04","23.38","",""
"광양시(용강교)","2021/11/03","23","",""
"광양시(용강교)","2021/11/02","23.29","",""
"광양시(용강교)","2021/11/01","23.67","",""
"광양시(용강교)","2021/10/31","23.92","",""
"광양시(용강교)","2021/10/30","24.33","",""
"광양시(용강교)","2021/10/29","23.92","",""
"광양시(용강교)","2021/10/28","24.79","",""
"광양시(용강교)","2021/10/27","25.21","",""
"광양시(용강교)","2021/10/26","25.33","",""
"광양시(용강교)","2021/10/25","25.54","",""
"광양시(용강교)","2021/10/24","25.71","",""
"광양시(용강교)","2021/10/23","26.13","",""
"광양시(용강교)","2021/10/22","26.38","",""
"광양시(용강교)","2021/10/21","27.5","",""
"광양시(용강교)","2021/10/20","28","",""
"광양시(용강교)","2021/10/19","28.17","",""
"광양시(용강교)","2021/10/18","29","",""
"광양시(용강교)","2021/10/17","30.04","",""
"광양시(용강교)","2021/10/16","31.25","",""
"광양시(용강교)","2021/10/15","31.25","",""
"광양시(용강교)","2021/10/14","32.63","",""
"광양시(용강교)","2021/10/13","34.58","",""
"광양시(용강교)","2021/10/12","34.46","",""
"광양시(용강교)","2021/10/11","37.13","",""
"광양시(용강교)","2021/10/10","28.17","",""
"광양시(용강교)","2021/10/09","27.13","",""
"광양시(용강교)","2021/10/08","27.88","",""
"광양시(용강교)","2021/10/07","28.21","",""
"광양시(용강교)","2021/10/06","29.42","",""
"광양시(용강교)","2021/10/05","31","",""
"광양시(용강교)","2021/10/04","31.42","",""
"광양시(용강교)","2021/10/03","33.21","",""
"광양시(용강교)","2021/10/02","35.96","",""
"광양시(용강교)","2021/10/01","44","",""
"광양시(용강교)","2021/09/30","44","",""
"광양시(용강교)","2021/09/29","26","",""
"광양시(용강교)","2021/09/28","26","",""
"광양시(용강교)","2021/09/27","27","",""
"광양시(용강교)","2021/09/26","26.29","",""
"광양시(용강교)","2021/09/25","26.42","",""
"광양시(용강교)","2021/09/24","28","",""
"광양시(용강교)","2021/09/23","29","",""
"광양시(용강교)","2021/09/22","29.88","",""
"광양시(용강교)","2021/09/21","29.5","",""
"광양시(용강교)","2021/09/20","26.38","",""
"광양시(용강교)","2021/09/19","26.58","",""
"광양시(용강교)","2021/09/18","28.04","",""
"광양시(용강교)","2021/09/17","32","",""
"광양시(용강교)","2021/09/16","32","",""
"광양시(용강교)","2021/09/15","34","",""
"광양시(용강교)","2021/09/14","34","",""
"광양시(용강교)","2021/09/13","33.63","",""
"광양시(용강교)","2021/09/12","31.33","",""
"광양시(용강교)","2021/09/11","32.71","",""
"광양시(용강교)","2021/09/10","34","",""
"광양시(용강교)","2021/09/09","36","",""
"광양시(용강교)","2021/09/08","40","",""
"광양시(용강교)","2021/09/07","43","",""
"광양시(용강교)","2021/09/06","34","",""
"광양시(용강교)","2021/09/05","34.83","",""
"광양시(용강교)","2021/09/04","36.63","",""
"광양시(용강교)","2021/09/03","40","",""
"광양시(용강교)","2021/09/02","42","",""
"광양시(용강교)","2021/09/01","43","",""
"광양시(용강교)","2021/08/31","55","",""
"광양시(용강교)","2021/08/30","45","",""
"광양시(용강교)","2021/08/29","43.79","",""
"광양시(용강교)","2021/08/28","41.25","",""
"광양시(용강교)","2021/08/27","46","",""
"광양시(용강교)","2021/08/26","57","",""
"광양시(용강교)","2021/08/25","62","",""
"광양시(용강교)","2021/08/24","60","",""
"광양시(용강교)","2021/08/23","38","",""
"광양시(용강교)","2021/08/22","43.83","",""
"광양시(용강교)","2021/08/21","40","",""
"광양시(용강교)","2021/08/20","21.92","",""
"광양시(용강교)","2021/08/19","21.96","",""
"광양시(용강교)","2021/08/18","22","",""
"광양시(용강교)","2021/08/17","22","",""
"광양시(용강교)","2021/08/16","22.63","",""
"광양시(용강교)","2021/08/15","24.79","",""
"광양시(용강교)","2021/08/14","25.38","",""
"광양시(용강교)","2021/08/13","23","",""
"광양시(용강교)","2021/08/12","24","",""
"광양시(용강교)","2021/08/11","27","",""
"광양시(용강교)","2021/08/10","39","",""
"광양시(용강교)","2021/08/09","20","",""
"광양시(용강교)","2021/08/08","20","",""
"광양시(용강교)","2021/08/07","20","",""
"광양시(용강교)","2021/08/06","22","",""
"광양시(용강교)","2021/08/05","23","",""
"광양시(용강교)","2021/08/04","23.71","",""
"광양시(용강교)","2021/08/03","24.83","",""
"광양시(용강교)","2021/08/02","24","",""
"광양시(용강교)","2021/08/01","24.25","",""
"광양시(용강교)","2021/07/31","25.08","",""
"광양시(용강교)","2021/07/30","25","",""
"광양시(용강교)","2021/07/29","25","",""
"광양시(용강교)","2021/07/28","26","",""
"광양시(용강교)","2021/07/27","26","",""
"광양시(용강교)","2021/07/26","26","",""
"광양시(용강교)","2021/07/25","26.75","",""
"광양시(용강교)","2021/07/24","27.96","",""
"광양시(용강교)","2021/07/23","30","",""
"광양시(용강교)","2021/07/22","31","",""
"광양시(용강교)","2021/07/21","32","",""
"광양시(용강교)","2021/07/20","32","",""
"광양시(용강교)","2021/07/19","33.75","",""
"광양시(용강교)","2021/07/18","34.83","",""
"광양시(용강교)","2021/07/17","37.88","",""
"광양시(용강교)","2021/07/16","37","",""
"광양시(용강교)","2021/07/15","38","",""
"광양시(용강교)","2021/07/14","40","",""
"광양시(용강교)","2021/07/13","43","",""
"광양시(용강교)","2021/07/12","47","",""
"광양시(용강교)","2021/07/11","50.21","",""
"광양시(용강교)","2021/07/10","58.79","",""
"광양시(용강교)","2021/07/09","71","",""
"광양시(용강교)","2021/07/08","99","",""
"광양시(용강교)","2021/07/07","96","",""
"광양시(용강교)","2021/07/06","65","",""
"광양시(용강교)","2021/07/05","41.75","",""
"광양시(용강교)","2021/07/04","47","",""
"광양시(용강교)","2021/07/03","23.96","",""
"광양시(용강교)","2021/07/02","20","",""
"광양시(용강교)","2021/07/01","21","",""
"광양시(용강교)","2021/06/30","20.58","",""
"광양시(용강교)","2021/06/29","21","",""
"광양시(용강교)","2021/06/28","21","",""
"광양시(용강교)","2021/06/27","22.38","",""
"광양시(용강교)","2021/06/26","23.5","",""
"광양시(용강교)","2021/06/25","24.58","",""
"광양시(용강교)","2021/06/24","28","",""
"광양시(용강교)","2021/06/23","21","",""
"광양시(용강교)","2021/06/22","22","",""
"광양시(용강교)","2021/06/21","23","",""
"광양시(용강교)","2021/06/20","23.46","",""
"광양시(용강교)","2021/06/19","25.88","",""
"광양시(용강교)","2021/06/18","27.04","",""
"광양시(용강교)","2021/06/17","29","",""
"광양시(용강교)","2021/06/16","28.83","",""
"광양시(용강교)","2021/06/15","21","",""
"광양시(용강교)","2021/06/14","21","",""
"광양시(용강교)","2021/06/13","22.17","",""
"광양시(용강교)","2021/06/12","25.04","",""
"광양시(용강교)","2021/06/11","20","",""
"광양시(용강교)","2021/06/10","18.13","",""
"광양시(용강교)","2021/06/09","18","",""
"광양시(용강교)","2021/06/08","19","",""
"광양시(용강교)","2021/06/07","20","",""
"광양시(용강교)","2021/06/06","20","",""
"광양시(용강교)","2021/06/05","21.25","",""
"광양시(용강교)","2021/06/04","23","",""
"광양시(용강교)","2021/06/03","19","",""
"광양시(용강교)","2021/06/02","19","",""
"광양시(용강교)","2021/06/01","19","",""
"광양시(용강교)","2021/05/31","20","",""
"광양시(용강교)","2021/05/30","20.83","",""
"광양시(용강교)","2021/05/29","21.88","",""
"광양시(용강교)","2021/05/28","22","",""
"광양시(용강교)","2021/05/27","22","",""
"광양시(용강교)","2021/05/26","21.96","",""
"광양시(용강교)","2021/05/25","23","",""
"광양시(용강교)","2021/05/24","23","",""
"광양시(용강교)","2021/05/23","23.88","",""
"광양시(용강교)","2021/05/22","24.92","",""
"광양시(용강교)","2021/05/21","26.88","",""
"광양시(용강교)","2021/05/20","25","",""
"광양시(용강교)","2021/05/19","26.96","",""
"광양시(용강교)","2021/05/18","30","",""
"광양시(용강교)","2021/05/16","28.1","",""
"광양시(용강교)","2021/05/15","23.54","",""
"광양시(용강교)","2021/05/14","20.79","",""
"광양시(용강교)","2021/05/13","22","",""
"광양시(용강교)","2021/05/12","22","",""
"광양시(용강교)","2021/05/11","23","",""
"광양시(용강교)","2021/05/10","23","",""
"광양시(용강교)","2021/05/09","24.38","",""
"광양시(용강교)","2021/05/08","25.79","",""
"광양시(용강교)","2021/05/07","30","",""
"광양시(용강교)","2021/05/06","34","",""
"광양시(용강교)","2021/05/05","38.79","",""
"광양시(용강교)","2021/05/04","20","",""
"광양시(용강교)","2021/05/03","21","",""
"광양시(용강교)","2021/05/02","21.79","",""
"광양시(용강교)","2021/05/01","23.13","",""
"광양시(용강교)","2021/04/30","20","",""
"광양시(용강교)","2021/04/29","21","",""
"광양시(용강교)","2021/04/28","21","",""
"광양시(용강교)","2021/04/27","22","",""
"광양시(용강교)","2021/04/26","23","",""
"광양시(용강교)","2021/04/25","22.75","",""
"광양시(용강교)","2021/04/24","23.5","",""
"광양시(용강교)","2021/04/23","24.25","",""
"광양시(용강교)","2021/04/22","25","",""
"광양시(용강교)","2021/04/21","27","",""
"광양시(용강교)","2021/04/20","28","",""
"광양시(용강교)","2021/04/19","27.54","",""
"광양시(용강교)","2021/04/18","28.75","",""
"광양시(용강교)","2021/04/17","30.46","",""
"광양시(용강교)","2021/04/16","34.75","",""
"광양시(용강교)","2021/04/15","38.21","",""
"광양시(용강교)","2021/04/14","41","",""
"광양시(용강교)","2021/04/13","44","",""
"광양시(용강교)","2021/04/12","31","",""
"광양시(용강교)","2021/04/11","31.5","",""
"광양시(용강교)","2021/04/10","32.71","",""
"광양시(용강교)","2021/04/09","35","",""
"광양시(용강교)","2021/04/08","36.04","",""
"광양시(용강교)","2021/04/07","38","",""
"광양시(용강교)","2021/04/06","41.08","",""
"광양시(용강교)","2021/04/05","41","",""
"광양시(용강교)","2021/04/04","41.54","",""
"광양시(용강교)","2021/04/03","35.71","",""
"광양시(용강교)","2021/04/02","32.79","",""
"광양시(용강교)","2021/04/01","36","",""
"광양시(용강교)","2021/03/31","37.13","",""
"광양시(용강교)","2021/03/30","40.17","",""
"광양시(용강교)","2021/03/29","45.42","",""
"광양시(용강교)","2021/03/28","58.21","",""
"광양시(용강교)","2021/03/27","34.75","",""
"광양시(용강교)","2021/03/26","27","",""
"광양시(용강교)","2021/03/25","27.54","",""
"광양시(용강교)","2021/03/22","30","",""
"광양시(용강교)","2021/03/21","30.5","",""
"광양시(용강교)","2021/03/20","30.25","",""
"광양시(용강교)","2021/03/19","27.38","",""
"광양시(용강교)","2021/03/18","28.21","",""
"광양시(용강교)","2021/03/17","28.83","",""
"광양시(용강교)","2021/03/16","29.75","",""
"광양시(용강교)","2021/03/15","29.92","",""
"광양시(용강교)","2021/03/10","30","",""
"광양시(용강교)","2021/03/09","30.04","",""
"광양시(용강교)","2021/03/08","31.21","",""
"광양시(용강교)","2021/03/06","35","",""
"광양시(용강교)","2021/03/05","36.08","",""
"광양시(용강교)","2021/03/04","36.75","",""
"광양시(용강교)","2021/03/03","39.5","",""
"광양시(용강교)","2021/03/02","49.46","",""
"광양시(용강교)","2021/03/01","34.5","",""
"광양시(용강교)","2021/02/28","24.29","",""
"광양시(용강교)","2021/02/27","25","",""
"광양시(용강교)","2021/02/26","25.04","",""
"광양시(용강교)","2021/02/25","24.13","",""
"광양시(용강교)","2021/02/24","24","",""
"광양시(용강교)","2021/02/23","24.08","",""
"광양시(용강교)","2021/02/22","24.04","",""
"광양시(용강교)","2021/02/21","24","",""
"광양시(용강교)","2021/02/20","24","",""
"광양시(용강교)","2021/02/19","24.04","",""
"광양시(용강교)","2021/02/18","24.38","",""
"광양시(용강교)","2021/02/17","24.29","",""
"광양시(용강교)","2021/02/16","24.38","",""
"광양시(용강교)","2021/02/15","24.63","",""
"광양시(용강교)","2021/02/14","24","",""
"광양시(용강교)","2021/02/13","24.29","",""
"광양시(용강교)","2021/02/12","24.21","",""
"광양시(용강교)","2021/02/11","24.5","",""
"광양시(용강교)","2021/02/10","24.71","",""
"광양시(용강교)","2021/02/09","25","",""
"광양시(용강교)","2021/02/08","25","",""
"광양시(용강교)","2021/02/07","25.33","",""
"광양시(용강교)","2021/02/06","25.79","",""
"광양시(용강교)","2021/02/05","26.17","",""
"광양시(용강교)","2021/02/04","26.88","",""
"광양시(용강교)","2021/02/03","27.79","",""
"광양시(용강교)","2021/02/02","29.75","",""
"광양시(용강교)","2021/02/01","29","",""
"광양시(용강교)","2021/01/31","24.25","",""
"광양시(용강교)","2021/01/30","24.42","",""
"광양시(용강교)","2021/01/29","24.5","",""
"광양시(용강교)","2021/01/28","25.13","",""
"광양시(용강교)","2021/01/27","25.33","",""
"광양시(용강교)","2021/01/26","24.83","",""
"광양시(용강교)","2021/01/25","24","",""
"광양시(용강교)","2021/01/24","24","",""
"광양시(용강교)","2021/01/23","24","",""
"광양시(용강교)","2021/01/22","24","",""
"광양시(용강교)","2021/01/21","23.88","",""
"광양시(용강교)","2021/01/20","24","",""
"광양시(용강교)","2021/01/19","24","",""
"광양시(용강교)","2021/01/18","24","",""
"광양시(용강교)","2021/01/17","23.96","",""
"광양시(용강교)","2021/01/16","23.13","",""
"광양시(용강교)","2021/01/15","23","",""
"광양시(용강교)","2021/01/14","27.67","",""
"광양시(용강교)","2021/01/13","27.92","",""
"광양시(용강교)","2021/01/12","28.21","",""
"광양시(용강교)","2021/01/11","28.21","",""
"광양시(용강교)","2021/01/10","27.92","",""
"광양시(용강교)","2021/01/09","26.38","",""
"광양시(용강교)","2021/01/08","23.92","",""
"광양시(용강교)","2021/01/07","24.21","",""
"광양시(용강교)","2021/01/06","24.04","",""
"광양시(용강교)","2021/01/05","24.13","",""
"광양시(용강교)","2021/01/04","24","",""
"광양시(용강교)","2021/01/03","24.29","",""
"광양시(용강교)","2021/01/02","24.13","",""
"광양시(용강교)","2021/01/01","24.13","",""
"광양시(수어천교)","2021/12/31","277","",""
"광양시(수어천교)","2021/12/30","282","",""
"광양시(수어천교)","2021/12/29","269","",""
"광양시(수어천교)","2021/12/28","220","",""
"광양시(수어천교)","2021/12/27","219","",""
"광양시(수어천교)","2021/12/26","258","",""
"광양시(수어천교)","2021/12/25","259","",""
"광양시(수어천교)","2021/12/24","272","",""
"광양시(수어천교)","2021/12/23","275","",""
"광양시(수어천교)","2021/12/22","272","",""
"광양시(수어천교)","2021/12/21","244","",""
"광양시(수어천교)","2021/12/20","270","",""
"광양시(수어천교)","2021/12/19","269","",""
"광양시(수어천교)","2021/12/18","287","",""
"광양시(수어천교)","2021/12/17","293","",""
"광양시(수어천교)","2021/12/16","257","",""
"광양시(수어천교)","2021/12/15","276","",""
"광양시(수어천교)","2021/12/14","266","",""
"광양시(수어천교)","2021/12/13","269","",""
"광양시(수어천교)","2021/12/12","290","",""
"광양시(수어천교)","2021/12/11","268","",""
"광양시(수어천교)","2021/12/10","306","",""
"광양시(수어천교)","2021/12/09","326","",""
"광양시(수어천교)","2021/12/07","354","",""
"광양시(수어천교)","2021/12/06","301","",""
"광양시(수어천교)","2021/12/05","317","",""
"광양시(수어천교)","2021/12/04","306","",""
"광양시(수어천교)","2021/12/03","281","",""
"광양시(수어천교)","2021/12/02","267","",""
"광양시(수어천교)","2021/12/01","254","",""
"광양시(수어천교)","2021/11/30","240","",""
"광양시(수어천교)","2021/11/29","266","",""
"광양시(수어천교)","2021/11/28","265","",""
"광양시(수어천교)","2021/11/27","268","",""
"광양시(수어천교)","2021/11/25","278","",""
"광양시(수어천교)","2021/11/19","282","",""
"광양시(수어천교)","2021/11/18","279","",""
"광양시(수어천교)","2021/11/17","274","",""
"광양시(수어천교)","2021/11/16","268","",""
"광양시(수어천교)","2021/11/15","265","",""
"광양시(수어천교)","2021/11/14","268","",""
"광양시(수어천교)","2021/11/13","276","",""
"광양시(수어천교)","2021/11/12","274","",""
"광양시(수어천교)","2021/11/11","287","",""
"광양시(수어천교)","2021/11/10","295","",""
"광양시(수어천교)","2021/11/09","308","",""
"광양시(수어천교)","2021/11/08","314","",""
"광양시(수어천교)","2021/11/07","316","",""
"광양시(수어천교)","2021/11/06","315","",""
"광양시(수어천교)","2021/11/05","307","",""
"광양시(수어천교)","2021/11/04","297","",""
"광양시(수어천교)","2021/11/03","339","",""
"광양시(수어천교)","2021/11/02","373","",""
"광양시(수어천교)","2021/11/01","333","",""
"광양시(수어천교)","2021/10/31","373","",""
"광양시(수어천교)","2021/10/30","373","",""
"광양시(수어천교)","2021/10/29","373","",""
"광양시(수어천교)","2021/10/28","373","",""
"광양시(수어천교)","2021/10/27","373","",""
"광양시(수어천교)","2021/10/26","373","",""
"광양시(수어천교)","2021/10/25","373","",""
"광양시(수어천교)","2021/10/24","373","",""
"광양시(수어천교)","2021/10/23","373","",""
"광양시(수어천교)","2021/10/22","373","",""
"광양시(수어천교)","2021/10/21","373","",""
"광양시(수어천교)","2021/10/20","373","",""
"광양시(수어천교)","2021/10/19","373","",""
"광양시(수어천교)","2021/10/18","373","",""
"광양시(수어천교)","2021/10/17","373","",""
"광양시(수어천교)","2021/10/16","373","",""
"광양시(수어천교)","2021/10/15","373","",""
"광양시(수어천교)","2021/10/14","373","",""
"광양시(수어천교)","2021/10/13","373","",""
"광양시(수어천교)","2021/10/12","373","",""
"광양시(수어천교)","2021/10/11","373","",""
"광양시(수어천교)","2021/10/10","373","",""
"광양시(수어천교)","2021/10/09","373","",""
"광양시(수어천교)","2021/10/08","373","",""
"광양시(수어천교)","2021/10/07","342","",""
"광양시(수어천교)","2021/10/06","303","",""
"광양시(수어천교)","2021/10/05","308","",""
"광양시(수어천교)","2021/10/04","297","",""
"광양시(수어천교)","2021/10/03","295","",""
"광양시(수어천교)","2021/10/02","336","",""
"광양시(수어천교)","2021/10/01","309","",""
"광양시(수어천교)","2021/09/30","292","",""
"광양시(수어천교)","2021/09/29","292","",""
"광양시(수어천교)","2021/09/28","294","",""
"광양시(수어천교)","2021/09/27","301","",""
"광양시(수어천교)","2021/09/26","311","",""
"광양시(수어천교)","2021/09/25","317","",""
"광양시(수어천교)","2021/09/24","314","",""
"광양시(수어천교)","2021/09/23","314","",""
"광양시(수어천교)","2021/09/22","314","",""
"광양시(수어천교)","2021/09/21","308","",""
"광양시(수어천교)","2021/09/20","333","",""
"광양시(수어천교)","2021/09/19","325","",""
"광양시(수어천교)","2021/09/18","300","",""
"광양시(수어천교)","2021/09/17","300","",""
"광양시(수어천교)","2021/09/16","295","",""
"광양시(수어천교)","2021/09/15","297","",""
"광양시(수어천교)","2021/09/14","302","",""
"광양시(수어천교)","2021/09/13","305","",""
"광양시(수어천교)","2021/09/12","310","",""
"광양시(수어천교)","2021/09/11","316","",""
"광양시(수어천교)","2021/09/10","312","",""
"광양시(수어천교)","2021/09/09","311","",""
"광양시(수어천교)","2021/09/08","309","",""
"광양시(수어천교)","2021/09/07","302","",""
"광양시(수어천교)","2021/09/06","300","",""
"광양시(수어천교)","2021/09/05","294","",""
"광양시(수어천교)","2021/09/04","293","",""
"광양시(수어천교)","2021/09/03","288","",""
"광양시(수어천교)","2021/09/01","283","",""
"광양시(수어천교)","2021/08/31","291","",""
"광양시(수어천교)","2021/08/30","297","",""
"광양시(수어천교)","2021/08/29","301","",""
"광양시(수어천교)","2021/08/28","313","",""
"광양시(수어천교)","2021/08/27","325","",""
"광양시(수어천교)","2021/08/26","331","",""
"광양시(수어천교)","2021/08/25","324","",""
"광양시(수어천교)","2021/08/24","318","",""
"광양시(수어천교)","2021/08/23","320","",""
"광양시(수어천교)","2021/08/22","308","",""
"광양시(수어천교)","2021/08/21","306","",""
"광양시(수어천교)","2021/08/20","303","",""
"광양시(수어천교)","2021/08/19","300","",""
"광양시(수어천교)","2021/08/18","300","",""
"광양시(수어천교)","2021/08/17","300","",""
"광양시(수어천교)","2021/08/16","308","",""
"광양시(수어천교)","2021/08/15","313","",""
"광양시(수어천교)","2021/08/14","313","",""
"광양시(수어천교)","2021/08/13","317","",""
"광양시(수어천교)","2021/08/12","319","",""
"광양시(수어천교)","2021/08/11","326","",""
"광양시(수어천교)","2021/08/10","316","",""
"광양시(수어천교)","2021/08/09","318","",""
"광양시(수어천교)","2021/08/08","317","",""
"광양시(수어천교)","2021/08/07","299","",""
"광양시(수어천교)","2021/08/06","299","",""
"광양시(수어천교)","2021/08/05","312","",""
"광양시(수어천교)","2021/08/04","317","",""
"광양시(수어천교)","2021/08/03","317","",""
"광양시(수어천교)","2021/08/02","304","",""
"광양시(수어천교)","2021/08/01","302","",""
"광양시(수어천교)","2021/07/31","302","",""
"광양시(수어천교)","2021/07/30","305","",""
"광양시(수어천교)","2021/07/29","314","",""
"광양시(수어천교)","2021/07/28","312","",""
"광양시(수어천교)","2021/07/27","316","",""
"광양시(수어천교)","2021/07/26","322","",""
"광양시(수어천교)","2021/07/25","312","",""
"광양시(수어천교)","2021/07/24","299","",""
"광양시(수어천교)","2021/07/23","297","",""
"광양시(수어천교)","2021/07/22","292","",""
"광양시(수어천교)","2021/07/21","286","",""
"광양시(수어천교)","2021/07/20","285","",""
"광양시(수어천교)","2021/07/19","291","",""
"광양시(수어천교)","2021/07/18","283","",""
"광양시(수어천교)","2021/07/17","293","",""
"광양시(수어천교)","2021/07/16","298","",""
"광양시(수어천교)","2021/07/15","304","",""
"광양시(수어천교)","2021/07/14","69749","",""
"광양시(수어천교)","2021/07/11","335","",""
"광양시(수어천교)","2021/07/10","355","",""
"광양시(수어천교)","2021/07/05","295","",""
"광양시(수어천교)","2021/07/04","293","",""
"광양시(수어천교)","2021/07/03","295","",""
"광양시(수어천교)","2021/07/01","299","",""
"광양시(수어천교)","2021/06/29","303","",""
"광양시(수어천교)","2021/06/28","285","",""
"광양시(수어천교)","2021/06/27","305","",""
"광양시(수어천교)","2021/06/26","301","",""
"광양시(수어천교)","2021/06/25","305","",""
"광양시(수어천교)","2021/06/24","304","",""
"광양시(수어천교)","2021/06/23","302","",""
"광양시(수어천교)","2021/06/22","299","",""
"광양시(수어천교)","2021/06/20","286","",""
"광양시(수어천교)","2021/06/19","286","",""
"광양시(수어천교)","2021/06/17","293","",""
"광양시(수어천교)","2021/06/15","288","",""
"광양시(수어천교)","2021/06/14","385","",""
"광양시(수어천교)","2021/06/13","399","",""
"광양시(수어천교)","2021/06/12","399","",""
"광양시(수어천교)","2021/06/11","290","",""
"광양시(수어천교)","2021/06/10","285","",""
"광양시(수어천교)","2021/06/09","285","",""
"광양시(수어천교)","2021/06/08","285","",""
"광양시(수어천교)","2021/06/07","284","",""
"광양시(수어천교)","2021/06/06","281","",""
"광양시(수어천교)","2021/06/05","281","",""
"광양시(수어천교)","2021/06/04","275","",""
"광양시(수어천교)","2021/06/03","277","",""
"광양시(수어천교)","2021/06/02","285","",""
"광양시(수어천교)","2021/06/01","292","",""
"광양시(수어천교)","2021/05/31","296","",""
"광양시(수어천교)","2021/05/30","303","",""
"광양시(수어천교)","2021/05/29","304","",""
"광양시(수어천교)","2021/05/28","306","",""
"광양시(수어천교)","2021/05/27","299","",""
"광양시(수어천교)","2021/05/25","292","",""
"광양시(수어천교)","2021/05/24","298","",""
"광양시(수어천교)","2021/05/23","292","",""
"광양시(수어천교)","2021/05/22","280","",""
"광양시(수어천교)","2021/05/21","274","",""
"광양시(수어천교)","2021/05/20","279","",""
"광양시(수어천교)","2021/05/19","286","",""
"광양시(수어천교)","2021/05/18","291","",""
"광양시(수어천교)","2021/05/16","290","",""
"광양시(수어천교)","2021/05/15","289","",""
"광양시(수어천교)","2021/05/14","294","",""
"광양시(수어천교)","2021/05/13","296","",""
"광양시(수어천교)","2021/05/12","295","",""
"광양시(수어천교)","2021/05/11","290","",""
"광양시(수어천교)","2021/05/10","287","",""
"광양시(수어천교)","2021/05/09","277","",""
"광양시(수어천교)","2021/05/08","277","",""
"광양시(수어천교)","2021/05/07","275","",""
"광양시(수어천교)","2021/05/06","286","",""
"광양시(수어천교)","2021/05/05","276","",""
"광양시(수어천교)","2021/05/04","283","",""
"광양시(수어천교)","2021/05/03","295","",""
"광양시(수어천교)","2021/05/02","299","",""
"광양시(수어천교)","2021/05/01","303","",""
"광양시(수어천교)","2021/04/30","304","",""
"광양시(수어천교)","2021/04/29","304","",""
"광양시(수어천교)","2021/04/28","302","",""
"광양시(수어천교)","2021/04/27","297","",""
"광양시(수어천교)","2021/04/26","287","",""
"광양시(수어천교)","2021/04/25","283","",""
"광양시(수어천교)","2021/04/24","275","",""
"광양시(수어천교)","2021/04/23","268","",""
"광양시(수어천교)","2021/04/22","266","",""
"광양시(수어천교)","2021/04/21","265","",""
"광양시(수어천교)","2021/04/20","265","",""
"광양시(수어천교)","2021/04/19","276","",""
"광양시(수어천교)","2021/04/18","283","",""
"광양시(수어천교)","2021/04/17","288","",""
"광양시(수어천교)","2021/04/16","291","",""
"광양시(수어천교)","2021/04/15","290","",""
"광양시(수어천교)","2021/04/13","285","",""
"광양시(수어천교)","2021/04/12","285","",""
"광양시(수어천교)","2021/04/11","259","",""
"광양시(수어천교)","2021/04/10","281","",""
"광양시(수어천교)","2021/04/09","269","",""
"광양시(수어천교)","2021/04/08","275","",""
"광양시(수어천교)","2021/04/07","288","",""
"광양시(수어천교)","2021/04/06","279","",""
"광양시(수어천교)","2021/04/05","277","",""
"광양시(수어천교)","2021/04/04","289","",""
"광양시(수어천교)","2021/04/03","299","",""
"광양시(수어천교)","2021/04/02","304","",""
"광양시(수어천교)","2021/04/01","311","",""
"광양시(수어천교)","2021/03/31","310","",""
"광양시(수어천교)","2021/03/30","309","",""
"광양시(수어천교)","2021/03/29","306","",""
"광양시(수어천교)","2021/03/28","309","",""
"광양시(수어천교)","2021/03/27","272","",""
"광양시(수어천교)","2021/03/22","310","",""
"광양시(수어천교)","2021/03/21","314","",""
"광양시(수어천교)","2021/03/20","319","",""
"광양시(수어천교)","2021/03/19","326","",""
"광양시(수어천교)","2021/03/18","319","",""
"광양시(수어천교)","2021/03/17","332","",""
"광양시(수어천교)","2021/03/16","322","",""
"광양시(수어천교)","2021/03/10","298","",""
"광양시(수어천교)","2021/03/09","300","",""
"광양시(수어천교)","2021/03/06","320","",""
"광양시(수어천교)","2021/03/05","333","",""
"광양시(수어천교)","2021/03/04","347","",""
"광양시(수어천교)","2021/03/03","342","",""
"광양시(수어천교)","2021/03/02","330","",""
"광양시(수어천교)","2021/03/01","337","",""
"광양시(수어천교)","2021/02/28","332","",""
"광양시(수어천교)","2021/02/27","336","",""
"광양시(수어천교)","2021/02/26","333","",""
"광양시(수어천교)","2021/02/25","308","",""
"광양시(수어천교)","2021/02/24","305","",""
"광양시(수어천교)","2021/02/23","305","",""
"광양시(수어천교)","2021/02/22","294","",""
"광양시(수어천교)","2021/02/21","298","",""
"광양시(수어천교)","2021/02/20","302","",""
"광양시(수어천교)","2021/02/19","297","",""
"광양시(수어천교)","2021/02/18","323","",""
"광양시(수어천교)","2021/02/17","320","",""
"광양시(수어천교)","2021/02/16","331","",""
"광양시(수어천교)","2021/02/15","331","",""
"광양시(수어천교)","2021/02/14","334","",""
"광양시(수어천교)","2021/02/13","330","",""
"광양시(수어천교)","2021/02/12","321","",""
"광양시(수어천교)","2021/02/11","314","",""
"광양시(수어천교)","2021/02/10","306","",""
"광양시(수어천교)","2021/02/09","310","",""
"광양시(수어천교)","2021/02/08","306","",""
"광양시(수어천교)","2021/02/07","306","",""
"광양시(수어천교)","2021/02/06","310","",""
"광양시(수어천교)","2021/02/05","318","",""
"광양시(수어천교)","2021/02/04","319","",""
"광양시(수어천교)","2021/02/03","328","",""
"광양시(수어천교)","2021/02/02","336","",""
"광양시(수어천교)","2021/02/01","333","",""
"광양시(수어천교)","2021/01/31","326","",""
"광양시(수어천교)","2021/01/30","333","",""
"광양시(수어천교)","2021/01/29","327","",""
"광양시(수어천교)","2021/01/28","321","",""
"광양시(수어천교)","2021/01/27","308","",""
"광양시(수어천교)","2021/01/26","313","",""
"광양시(수어천교)","2021/01/24","306","",""
"광양시(수어천교)","2021/01/23","293","",""
"광양시(수어천교)","2021/01/22","302","",""
"광양시(수어천교)","2021/01/21","309","",""
"광양시(수어천교)","2021/01/20","307","",""
"광양시(수어천교)","2021/01/19","317","",""
"광양시(수어천교)","2021/01/18","306","",""
"광양시(수어천교)","2021/01/17","317","",""
"광양시(수어천교)","2021/01/16","336","",""
"광양시(수어천교)","2021/01/15","332","",""
"광양시(수어천교)","2021/01/14","327","",""
"광양시(수어천교)","2021/01/13","333","",""
"광양시(수어천교)","2021/01/12","326","",""
"광양시(수어천교)","2021/01/11","69753","",""
"광양시(수어천교)","2021/01/10","310","",""
"광양시(수어천교)","2021/01/09","310","",""
"광양시(수어천교)","2021/01/08","308","",""
"광양시(수어천교)","2021/01/07","296","",""
"광양시(수어천교)","2021/01/06","307","",""
"광양시(수어천교)","2021/01/05","306","",""
"광양시(수어천교)","2021/01/04","320","",""
"광양시(수어천교)","2021/01/03","324","",""
"광양시(수어천교)","2021/01/02","325","",""
"광양시(수어천교)","2021/01/01","315","",""
